trial_id,trial_type_id,trial_order,trial_aux_data
0,169,1,NA
1,246,10,NA
2,851,11,NA
3,554,12,NA
4,1154,13,NA
5,621,14,NA
6,477,15,NA
7,1017,16,NA
8,705,17,NA
9,74,18,NA
10,942,19,NA
11,84,2,NA
12,780,20,NA
13,384,21,NA
14,1072,22,NA
15,482,23,NA
16,235,24,NA
17,617,25,NA
18,1146,26,NA
19,319,27,NA
20,157,28,NA
21,1011,29,NA
22,1093,3,NA
23,848,30,NA
24,2,31,NA
25,542,32,NA
26,388,4,NA
27,763,5,NA
28,911,6,NA
29,307,7,NA
30,701,8,NA
31,100,9,NA
32,481,1,NA
33,947,10,NA
34,724,11,NA
35,559,12,NA
36,190,15,NA
37,875,2,NA
38,567,3,NA
39,1109,4,NA
40,118,5,NA
41,266,6,NA
42,774,7,NA
43,414,8,NA
44,327,9,NA
45,161,1,NA
46,257,10,NA
47,838,11,NA
48,551,12,NA
49,1152,13,NA
50,623,14,NA
51,469,15,NA
52,1011,16,NA
53,701,17,NA
54,14,18,NA
55,992,19,NA
56,97,2,NA
57,765,20,NA
58,403,21,NA
59,1096,22,NA
60,479,23,NA
61,243,24,NA
62,632,25,NA
63,1148,26,NA
64,321,27,NA
65,166,28,NA
66,1003,29,NA
67,1087,3,NA
68,845,30,NA
69,8,31,NA
70,553,32,NA
71,377,4,NA
72,782,5,NA
73,922,6,NA
74,318,7,NA
75,710,8,NA
76,96,9,NA
77,481,1,NA
78,938,10,NA
79,716,11,NA
80,561,12,NA
81,909,13,NA
82,18,14,NA
83,161,15,NA
84,1000,16,NA
85,485,17,NA
86,640,18,NA
87,1023,19,NA
88,854,2,NA
89,407,20,NA
90,1098,21,NA
91,696,22,NA
92,103,23,NA
93,250,24,NA
94,788,25,NA
95,918,26,NA
96,312,27,NA
97,1161,28,NA
98,629,29,NA
99,548,3,NA
100,175,30,NA
101,23,31,NA
102,1161,32,NA
103,1098,4,NA
104,96,5,NA
105,243,6,NA
106,794,7,NA
107,312,9,NA
108,161,1,NA
109,244,10,NA
110,864,11,NA
111,569,12,NA
112,1177,13,NA
113,645,14,NA
114,477,15,NA
115,1031,16,NA
116,714,17,NA
117,32,18,NA
118,945,19,NA
119,112,2,NA
120,778,20,NA
121,411,21,NA
122,1097,22,NA
123,469,23,NA
124,247,24,NA
125,647,25,NA
126,1170,26,NA
127,338,27,NA
128,183,28,NA
129,1031,29,NA
130,1076,3,NA
131,852,30,NA
132,33,31,NA
133,551,32,NA
134,389,4,NA
135,793,5,NA
136,940,6,NA
137,316,7,NA
138,714,8,NA
139,114,9,NA
140,466,1,NA
141,994,10,NA
142,704,11,NA
143,543,12,NA
144,860,13,NA
145,18,14,NA
146,167,15,NA
147,1006,16,NA
148,466,17,NA
149,629,18,NA
150,1064,19,NA
151,861,2,NA
152,394,20,NA
153,1143,21,NA
154,90,23,NA
155,255,24,NA
156,537,3,NA
157,1069,4,NA
158,83,5,NA
159,231,6,NA
160,790,7,NA
161,394,8,NA
162,343,9,NA
163,169,1,NA
164,241,10,NA
165,856,11,NA
166,538,12,NA
167,1166,13,NA
168,628,14,NA
169,487,15,NA
170,1007,16,NA
171,693,17,NA
172,12,18,NA
173,995,19,NA
174,81,2,NA
175,783,20,NA
176,393,21,NA
177,1093,22,NA
178,471,23,NA
179,231,24,NA
180,638,25,NA
181,1166,26,NA
182,307,27,NA
183,1078,3,NA
184,379,4,NA
185,777,5,NA
186,919,6,NA
187,321,7,NA
188,717,8,NA
189,87,9,NA
190,489,1,NA
191,948,10,NA
192,696,11,NA
193,561,12,NA
194,874,13,NA
195,39,14,NA
196,189,15,NA
197,1033,16,NA
198,497,17,NA
199,685,18,NA
200,1032,19,NA
201,878,2,NA
202,417,20,NA
203,1079,21,NA
204,727,22,NA
205,103,23,NA
206,264,24,NA
207,763,25,NA
208,950,26,NA
209,330,27,NA
210,1179,28,NA
211,650,29,NA
212,573,3,NA
213,186,30,NA
214,38,31,NA
215,1176,32,NA
216,1079,4,NA
217,115,5,NA
218,268,6,NA
219,801,7,NA
220,380,8,NA
221,333,9,NA
222,181,1,NA
223,269,10,NA
224,870,11,NA
225,574,12,NA
226,1178,13,NA
227,652,14,NA
228,494,15,NA
229,1028,16,NA
230,726,17,NA
231,34,18,NA
232,946,19,NA
233,110,2,NA
234,800,20,NA
235,413,21,NA
236,1103,22,NA
237,495,23,NA
238,265,24,NA
239,648,25,NA
240,1174,26,NA
241,313,27,NA
242,188,28,NA
243,1030,29,NA
244,1108,3,NA
245,873,30,NA
246,35,31,NA
247,572,32,NA
248,418,4,NA
249,803,5,NA
250,951,6,NA
251,340,7,NA
252,725,8,NA
253,114,9,NA
254,492,1,NA
255,958,10,NA
256,721,11,NA
257,577,12,NA
258,864,13,NA
259,40,14,NA
260,225,15,NA
261,1024,16,NA
262,499,17,NA
263,653,18,NA
264,1034,19,NA
265,877,2,NA
266,408,20,NA
267,1106,21,NA
268,723,22,NA
269,111,23,NA
270,263,24,NA
271,802,25,NA
272,953,26,NA
273,336,27,NA
274,1181,28,NA
275,611,29,NA
276,570,3,NA
277,191,30,NA
278,71,31,NA
279,1102,4,NA
280,120,5,NA
281,251,6,NA
282,804,7,NA
283,414,8,NA
284,337,9,NA
285,155,1,NA
286,97,2,NA
287,1081,3,NA
288,409,4,NA
289,786,5,NA
290,936,6,NA
291,306,7,NA
292,714,8,NA
293,106,9,NA
294,472,1,NA
295,925,10,NA
296,709,11,NA
297,564,12,NA
298,856,13,NA
299,14,14,NA
300,160,15,NA
301,1012,16,NA
302,464,17,NA
303,644,18,NA
304,1012,19,NA
305,869,2,NA
306,402,20,NA
307,702,22,NA
308,565,3,NA
309,1088,4,NA
310,85,5,NA
311,230,6,NA
312,787,7,NA
313,392,8,NA
314,320,9,NA
315,466,1,NA
316,921,10,NA
317,702,11,NA
318,559,12,NA
319,855,13,NA
320,21,14,NA
321,171,15,NA
322,1018,16,NA
323,478,17,NA
324,635,18,NA
325,1024,19,NA
326,863,2,NA
327,1075,21,NA
328,700,22,NA
329,88,23,NA
330,535,3,NA
331,1092,4,NA
332,78,5,NA
333,303,6,NA
334,771,7,NA
335,385,8,NA
336,311,9,NA
337,156,1,NA
338,234,10,NA
339,840,11,NA
340,549,12,NA
341,1151,13,NA
342,632,14,NA
343,471,15,NA
344,997,16,NA
345,715,17,NA
346,25,18,NA
347,928,19,NA
348,88,2,NA
349,774,20,NA
350,456,21,NA
351,1087,22,NA
352,480,23,NA
353,301,24,NA
354,624,25,NA
355,1151,26,NA
356,313,27,NA
357,157,28,NA
358,1017,29,NA
359,1093,3,NA
360,868,30,NA
361,29,31,NA
362,554,32,NA
363,399,4,NA
364,773,5,NA
365,939,6,NA
366,332,7,NA
367,715,8,NA
368,93,9,NA
369,160,1,NA
370,248,10,NA
371,847,11,NA
372,549,12,NA
373,1159,13,NA
374,639,14,NA
375,482,15,NA
376,1019,16,NA
377,707,17,NA
378,16,18,NA
379,931,19,NA
380,84,2,NA
381,785,20,NA
382,384,21,NA
383,1089,22,NA
384,484,23,NA
385,240,24,NA
386,634,25,NA
387,1160,26,NA
388,323,27,NA
389,162,28,NA
390,1013,29,NA
391,1065,3,NA
392,859,30,NA
393,558,32,NA
394,395,4,NA
395,770,5,NA
396,939,6,NA
397,310,7,NA
398,701,8,NA
399,79,9,NA
400,493,1,NA
401,952,10,NA
402,722,11,NA
403,575,12,NA
404,872,13,NA
405,27,14,NA
406,187,15,NA
407,1029,16,NA
408,496,17,NA
409,649,18,NA
410,1029,19,NA
411,871,2,NA
412,415,20,NA
413,1101,21,NA
414,730,22,NA
415,119,23,NA
416,261,24,NA
417,798,25,NA
418,949,26,NA
419,341,27,NA
420,1182,28,NA
421,651,29,NA
422,576,3,NA
423,179,30,NA
424,6,31,NA
425,1175,32,NA
426,1105,4,NA
427,116,5,NA
428,227,6,NA
429,799,7,NA
430,416,8,NA
431,322,9,NA
432,197,1,NA
433,267,10,NA
434,876,11,NA
435,581,12,NA
436,1180,13,NA
437,654,14,NA
438,498,15,NA
439,1063,16,NA
440,728,17,NA
441,37,18,NA
442,962,19,NA
443,117,2,NA
444,774,20,NA
445,419,21,NA
446,1104,22,NA
447,500,23,NA
448,262,24,NA
449,1107,3,NA
450,420,4,NA
451,806,5,NA
452,954,6,NA
453,342,7,NA
454,729,8,NA
455,113,9,NA
456,472,1,NA
457,929,10,NA
458,708,11,NA
459,555,12,NA
460,844,13,NA
461,14,14,NA
462,1026,16,NA
463,466,17,NA
464,642,18,NA
465,1014,19,NA
466,857,2,NA
467,392,20,NA
468,1082,21,NA
469,704,22,NA
470,99,23,NA
471,242,24,NA
472,777,25,NA
473,929,26,NA
474,548,3,NA
475,1088,4,NA
476,100,5,NA
477,245,6,NA
478,780,7,NA
479,398,8,NA
480,324,9,NA
481,173,1,NA
482,253,10,NA
483,851,11,NA
484,536,12,NA
485,1160,13,NA
486,636,14,NA
487,484,15,NA
488,1013,16,NA
489,692,17,NA
490,22,18,NA
491,937,19,NA
492,97,2,NA
493,769,20,NA
494,389,21,NA
495,1066,22,NA
496,463,23,NA
497,235,24,NA
498,641,25,NA
499,1160,26,NA
500,174,28,NA
501,1017,29,NA
502,1074,3,NA
503,857,30,NA
504,24,31,NA
505,560,32,NA
506,379,4,NA
507,767,5,NA
508,915,6,NA
509,308,7,NA
510,697,8,NA
511,91,9,NA
512,483,1,NA
513,934,10,NA
514,699,11,NA
515,557,12,NA
516,860,13,NA
517,17,14,NA
518,154,15,NA
519,1020,16,NA
520,492,17,NA
521,635,18,NA
522,1009,19,NA
523,868,2,NA
524,383,20,NA
525,1077,21,NA
526,713,22,NA
527,105,23,NA
528,244,24,NA
529,784,25,NA
530,935,26,NA
531,331,27,NA
532,1155,28,NA
533,631,29,NA
534,567,3,NA
535,164,30,NA
536,23,31,NA
537,1155,32,NA
538,1086,4,NA
539,96,5,NA
540,258,6,NA
541,768,7,NA
542,385,8,NA
543,325,9,NA
544,161,1,NA
545,234,10,NA
546,849,11,NA
547,546,12,NA
548,1167,13,NA
549,610,14,NA
550,529,15,NA
551,998,16,NA
552,719,17,NA
553,3,18,NA
554,936,19,NA
555,103,2,NA
556,769,20,NA
557,409,21,NA
558,1095,22,NA
559,488,23,NA
560,256,24,NA
561,623,25,NA
562,1165,26,NA
563,310,27,NA
564,168,28,NA
565,1016,29,NA
566,1074,3,NA
567,861,30,NA
568,9,31,NA
569,534,32,NA
570,386,4,NA
571,779,5,NA
572,917,6,NA
573,321,7,NA
574,692,8,NA
575,83,9,NA
576,466,1,NA
577,935,10,NA
578,716,11,NA
579,545,12,NA
580,842,13,NA
581,3,14,NA
582,178,15,NA
583,1000,16,NA
584,461,17,NA
585,618,18,NA
586,1004,19,NA
587,859,2,NA
588,387,20,NA
589,1068,21,NA
590,720,22,NA
591,86,23,NA
592,234,24,NA
593,793,25,NA
594,914,26,NA
595,333,27,NA
596,1158,28,NA
597,541,3,NA
598,1084,4,NA
599,95,5,NA
600,237,6,NA
601,771,7,NA
602,392,8,NA
603,314,9,NA
604,163,1,NA
605,253,10,NA
606,860,11,NA
607,549,12,NA
608,1165,13,NA
609,630,14,NA
610,486,15,NA
611,1016,16,NA
612,707,17,NA
613,19,18,NA
614,931,19,NA
615,88,2,NA
616,781,20,NA
617,397,21,NA
618,1085,22,NA
619,460,23,NA
620,249,24,NA
621,626,25,NA
622,1160,26,NA
623,306,27,NA
624,170,28,NA
625,999,29,NA
626,1067,3,NA
627,852,30,NA
628,15,31,NA
629,558,32,NA
630,399,4,NA
631,770,5,NA
632,913,6,NA
633,329,7,NA
634,712,8,NA
635,102,9,NA
636,468,1,NA
637,932,10,NA
638,700,11,NA
639,555,12,NA
640,855,13,NA
641,21,14,NA
642,165,15,NA
643,1014,16,NA
644,459,17,NA
645,637,18,NA
646,1006,19,NA
647,865,2,NA
648,407,20,NA
649,1070,21,NA
650,709,22,NA
651,97,23,NA
652,239,24,NA
653,779,25,NA
654,923,26,NA
655,325,27,NA
656,1158,28,NA
657,640,29,NA
658,548,3,NA
659,166,30,NA
660,20,31,NA
661,1164,32,NA
662,1080,4,NA
663,102,5,NA
664,252,6,NA
665,769,7,NA
666,392,8,NA
667,324,9,NA
668,476,1,NA
669,925,10,NA
670,709,11,NA
671,548,12,NA
672,842,13,NA
673,12,14,NA
674,176,15,NA
675,1027,16,NA
676,491,17,NA
677,613,18,NA
678,1026,19,NA
679,850,2,NA
680,405,20,NA
681,1084,21,NA
682,720,22,NA
683,108,23,NA
684,248,24,NA
685,797,25,NA
686,941,26,NA
687,324,27,NA
688,1171,28,NA
689,637,29,NA
690,571,3,NA
691,172,30,NA
692,26,31,NA
693,1171,32,NA
694,1080,4,NA
695,95,5,NA
696,233,6,NA
697,796,7,NA
698,400,8,NA
699,309,9,NA
700,155,1,NA
701,234,10,NA
702,866,11,NA
703,546,12,NA
704,1168,13,NA
705,616,14,NA
706,465,15,NA
707,1015,16,NA
708,717,17,NA
709,5,18,NA
710,939,19,NA
711,80,2,NA
712,765,20,NA
713,391,21,NA
714,1067,22,NA
715,484,23,NA
716,258,24,NA
717,630,25,NA
718,1167,26,NA
719,328,27,NA
720,175,28,NA
721,1017,29,NA
722,1081,3,NA
723,867,30,NA
724,4,31,NA
725,562,32,NA
726,379,4,NA
727,795,5,NA
728,936,6,NA
729,316,7,NA
730,717,8,NA
731,89,9,NA
732,171,1,NA
733,255,10,NA
734,847,11,NA
735,563,12,NA
736,1166,13,NA
737,621,14,NA
738,480,15,NA
739,1011,16,NA
740,703,17,NA
741,25,18,NA
742,939,19,NA
743,86,2,NA
744,776,20,NA
745,404,21,NA
746,1074,22,NA
747,473,23,NA
748,235,24,NA
749,630,25,NA
750,1152,26,NA
751,335,27,NA
752,174,28,NA
753,1005,29,NA
754,1081,3,NA
755,859,30,NA
756,11,31,NA
757,534,32,NA
758,386,4,NA
759,793,5,NA
760,926,6,NA
761,328,7,NA
762,693,8,NA
763,91,9,NA
764,478,1,NA
765,927,10,NA
766,706,11,NA
767,565,12,NA
768,856,13,NA
769,18,14,NA
770,158,15,NA
771,1018,16,NA
772,481,17,NA
773,625,18,NA
774,1014,19,NA
775,869,2,NA
776,412,20,NA
777,1088,21,NA
778,702,22,NA
779,103,23,NA
780,248,24,NA
781,797,25,NA
782,925,26,NA
783,336,27,NA
784,1173,28,NA
785,646,29,NA
786,548,3,NA
787,185,30,NA
788,15,31,NA
789,1153,32,NA
790,1092,4,NA
791,98,5,NA
792,258,6,NA
793,783,7,NA
794,415,8,NA
795,330,9,NA
796,184,1,NA
797,260,10,NA
798,864,11,NA
799,568,12,NA
800,1159,13,NA
801,623,14,NA
802,475,15,NA
803,1025,16,NA
804,693,17,NA
805,18,18,NA
806,931,19,NA
807,101,2,NA
808,792,20,NA
809,404,21,NA
810,1099,22,NA
811,490,23,NA
812,228,24,NA
813,626,25,NA
814,1167,26,NA
815,328,27,NA
816,182,28,NA
817,1016,29,NA
818,1100,3,NA
819,863,30,NA
820,23,31,NA
821,562,32,NA
822,397,4,NA
823,788,5,NA
824,943,6,NA
825,319,7,NA
826,717,8,NA
827,96,9,NA
828,474,1,NA
829,929,10,NA
830,711,11,NA
831,537,12,NA
832,856,13,NA
833,25,14,NA
834,163,15,NA
835,1018,16,NA
836,478,17,NA
837,620,18,NA
838,1002,19,NA
839,865,2,NA
840,400,20,NA
841,1082,21,NA
842,762,22,NA
843,92,23,NA
844,257,24,NA
845,775,25,NA
846,916,26,NA
847,325,27,NA
848,1157,28,NA
849,622,29,NA
850,545,3,NA
851,168,30,NA
852,13,31,NA
853,1158,32,NA
854,1070,4,NA
855,83,5,NA
856,240,6,NA
857,787,7,NA
858,378,8,NA
859,317,9,NA
860,478,1,NA
861,938,10,NA
862,711,11,NA
863,545,12,NA
864,862,13,NA
865,30,14,NA
866,158,15,NA
867,1010,16,NA
868,472,17,NA
869,633,18,NA
870,1021,19,NA
871,850,2,NA
872,405,20,NA
873,1077,21,NA
874,702,22,NA
875,77,23,NA
876,250,24,NA
877,793,25,NA
878,921,26,NA
879,339,27,NA
880,1169,28,NA
881,620,29,NA
882,555,3,NA
883,162,30,NA
884,31,31,NA
885,1161,32,NA
886,1094,4,NA
887,89,5,NA
888,243,6,NA
889,792,7,NA
890,410,8,NA
891,334,9,NA
892,459,1,NA
893,929,10,NA
894,694,11,NA
895,550,12,NA
896,849,13,NA
897,21,14,NA
898,160,15,NA
899,1006,16,NA
900,478,17,NA
901,625,18,NA
902,1002,19,NA
903,867,2,NA
904,390,20,NA
905,1088,21,NA
906,704,22,NA
907,99,23,NA
908,300,24,NA
909,773,25,NA
910,921,26,NA
911,317,27,NA
912,1150,28,NA
913,618,29,NA
914,547,3,NA
915,162,30,NA
916,28,31,NA
917,1150,32,NA
918,1084,4,NA
919,102,5,NA
920,251,6,NA
921,790,7,NA
922,396,8,NA
923,320,9,NA
924,158,1,NA
925,236,10,NA
926,841,11,NA
927,532,12,NA
928,1163,13,NA
929,619,14,NA
930,465,15,NA
931,1013,16,NA
932,695,17,NA
933,18,18,NA
934,930,19,NA
935,80,2,NA
936,772,20,NA
937,406,21,NA
938,1091,22,NA
939,473,23,NA
940,235,24,NA
941,643,25,NA
942,1166,26,NA
943,373,27,NA
944,175,28,NA
945,1017,29,NA
946,1071,3,NA
947,846,30,NA
948,13,31,NA
949,540,32,NA
950,382,4,NA
951,767,5,NA
952,930,6,NA
953,318,7,NA
954,761,8,NA
955,93,9,NA
956,152,1,NA
957,257,10,NA
958,860,11,NA
959,538,12,NA
960,1148,13,NA
961,636,14,NA
962,471,15,NA
963,997,16,NA
964,692,17,NA
965,73,18,NA
966,920,19,NA
967,80,2,NA
968,771,20,NA
969,403,21,NA
970,1072,22,NA
971,457,23,NA
972,252,24,NA
973,614,25,NA
974,1147,26,NA
975,305,27,NA
976,166,28,NA
977,1016,29,NA
978,1091,3,NA
979,843,30,NA
980,20,31,NA
981,542,32,NA
982,384,4,NA
983,764,5,NA
984,926,6,NA
985,326,7,NA
986,697,8,NA
987,104,9,NA
988,476,1,NA
989,910,10,NA
990,696,11,NA
991,533,12,NA
992,858,13,NA
993,16,14,NA
994,171,15,NA
995,474,17,NA
996,627,18,NA
997,996,19,NA
998,845,2,NA
999,405,20,NA
1000,1092,21,NA
1001,713,22,NA
1002,94,23,NA
1003,229,24,NA
1004,766,25,NA
1005,539,3,NA
1006,1082,4,NA
1007,100,5,NA
1008,235,6,NA
1009,768,7,NA
1010,396,8,NA
1011,325,9,NA
1012,173,1,NA
1013,238,10,NA
1014,842,11,NA
1015,544,12,NA
1016,1166,13,NA
1017,617,14,NA
1018,467,15,NA
1019,1008,16,NA
1020,697,17,NA
1021,10,18,NA
1022,912,19,NA
1023,97,2,NA
1024,781,20,NA
1025,397,21,NA
1026,1089,22,NA
1027,462,23,NA
1028,231,24,NA
1029,612,25,NA
1030,1170,26,NA
1031,1144,3,NA
1032,379,4,NA
1033,789,5,NA
1034,933,6,NA
1035,318,7,NA
1036,690,8,NA
1037,83,9,NA
1038,459,1,NA
1039,929,10,NA
1040,699,11,NA
1041,543,12,NA
1042,842,13,NA
1043,27,14,NA
1044,158,15,NA
1045,1006,16,NA
1046,466,17,NA
1047,615,18,NA
1048,1022,19,NA
1049,857,2,NA
1050,385,20,NA
1051,1073,21,NA
1052,718,22,NA
1053,92,23,NA
1054,239,24,NA
1055,547,3,NA
1056,1075,4,NA
1057,96,5,NA
1058,243,6,NA
1059,796,7,NA
1060,383,8,NA
1061,315,9,NA
1062,154,1,NA
1063,250,10,NA
1064,862,11,NA
1065,553,12,NA
1066,1149,13,NA
1067,617,14,NA
1068,469,15,NA
1069,998,16,NA
1070,715,17,NA
1071,7,18,NA
1072,924,19,NA
1073,81,2,NA
1074,780,20,NA
1075,391,21,NA
1076,1083,22,NA
1077,471,23,NA
1078,252,24,NA
1079,621,25,NA
1080,1152,26,NA
1081,305,27,NA
1082,157,28,NA
1083,1001,29,NA
1084,1076,3,NA
1085,839,30,NA
1086,1,31,NA
1087,534,32,NA
1088,375,4,NA
1089,775,5,NA
1090,919,6,NA
1091,307,7,NA
1092,691,8,NA
1093,104,9,NA
1094,470,1,NA
1095,923,10,NA
1096,698,11,NA
1097,545,12,NA
1098,838,13,NA
1099,3,14,NA
1100,154,15,NA
1101,1002,16,NA
1102,466,17,NA
1103,631,18,NA
1104,1021,19,NA
1105,845,2,NA
1106,376,20,NA
1107,1079,21,NA
1108,711,22,NA
1109,84,23,NA
1110,232,24,NA
1111,788,25,NA
1112,914,26,NA
1113,314,27,NA
1114,1161,28,NA
1115,611,29,NA
1116,556,3,NA
1117,153,30,NA
1118,0,31,NA
1119,1169,32,NA
1120,1073,4,NA
1121,82,5,NA
1122,254,6,NA
1123,771,7,NA
1124,381,8,NA
1125,320,9,NA
1126,180,1,NA
1127,246,10,NA
1128,853,11,NA
1129,566,12,NA
1130,1156,13,NA
1131,628,14,NA
1132,471,15,NA
1133,997,16,NA
1134,712,17,NA
1135,36,18,NA
1136,944,19,NA
1137,107,2,NA
1138,791,20,NA
1139,401,21,NA
1140,1071,22,NA
1141,482,23,NA
1142,259,24,NA
1143,639,25,NA
1144,1172,26,NA
1145,318,27,NA
1146,177,28,NA
1147,1013,29,NA
1148,1093,3,NA
1149,845,30,NA
1150,2,31,NA
1151,544,32,NA
1152,393,4,NA
1153,777,5,NA
1154,920,6,NA
1155,323,7,NA
1156,701,8,NA
1157,91,9,NA
1158,194,1,NA
1159,271,10,NA
1160,883,11,NA
1161,584,12,NA
1162,1186,13,NA
1163,655,14,NA
1164,504,15,NA
1165,1037,16,NA
1166,732,17,NA
1167,45,18,NA
1168,985,19,NA
1169,127,2,NA
1170,807,20,NA
1171,423,21,NA
1172,1114,22,NA
1173,1114,3,NA
1174,423,4,NA
1175,805,5,NA
1176,961,6,NA
1177,349,7,NA
1178,734,8,NA
1179,128,9,NA
1180,461,1,NA
1181,925,10,NA
1182,704,11,NA
1183,564,12,NA
1184,837,13,NA
1185,22,14,NA
1186,158,15,NA
1187,1012,16,NA
1188,458,17,NA
1189,622,18,NA
1190,1020,19,NA
1191,861,2,NA
1192,400,20,NA
1193,1090,21,NA
1194,708,22,NA
1195,92,23,NA
1196,248,24,NA
1197,770,25,NA
1198,925,26,NA
1199,372,27,NA
1200,1145,28,NA
1201,627,29,NA
1202,552,3,NA
1203,159,30,NA
1204,9,31,NA
1205,1162,32,NA
1206,1092,4,NA
1207,109,5,NA
1208,231,6,NA
1209,781,7,NA
1210,387,8,NA
1211,312,9,NA
1212,195,1,NA
1213,272,10,NA
1214,881,11,NA
1215,578,12,NA
1216,1185,13,NA
1217,657,14,NA
1218,502,15,NA
1219,1035,16,NA
1220,731,17,NA
1221,75,18,NA
1222,957,19,NA
1223,134,2,NA
1224,810,20,NA
1225,455,21,NA
1226,1111,22,NA
1227,502,23,NA
1228,302,24,NA
1229,686,25,NA
1230,1183,26,NA
1231,360,27,NA
1232,196,28,NA
1233,1113,3,NA
1234,454,4,NA
1235,811,5,NA
1236,956,6,NA
1237,371,7,NA
1238,735,8,NA
1239,122,9,NA
1240,503,1,NA
1241,959,10,NA
1242,736,11,NA
1243,583,12,NA
1244,884,13,NA
1245,45,14,NA
1246,215,15,NA
1247,1036,16,NA
1248,505,17,NA
1249,656,18,NA
1250,1038,19,NA
1251,880,2,NA
1252,422,20,NA
1253,1112,21,NA
1254,733,22,NA
1255,123,23,NA
1256,270,24,NA
1257,806,25,NA
1258,955,26,NA
1259,348,27,NA
1260,1184,28,NA
1261,672,29,NA
1262,580,3,NA
1263,192,30,NA
1264,42,31,NA
1265,1207,32,NA
1266,1112,4,NA
1267,125,5,NA
1268,275,6,NA
1269,809,7,NA
1270,424,8,NA
1271,345,9,NA
1272,198,1,NA
1273,274,10,NA
1274,882,11,NA
1275,582,12,NA
1276,1183,13,NA
1277,671,14,NA
1278,501,15,NA
1279,1039,16,NA
1280,737,17,NA
1281,47,18,NA
1282,960,19,NA
1283,121,2,NA
1284,808,20,NA
1285,446,21,NA
1286,1115,22,NA
1287,501,23,NA
1288,273,24,NA
1289,658,25,NA
1290,1190,26,NA
1291,346,27,NA
1292,193,28,NA
1293,1048,29,NA
1294,1110,3,NA
1295,879,30,NA
1296,41,31,NA
1297,579,32,NA
1298,421,4,NA
1299,812,5,NA
1300,960,6,NA
1301,344,7,NA
1302,760,8,NA
1303,137,9,NA
1304,522,1,NA
1305,975,10,NA
1306,749,11,NA
1307,598,12,NA
1308,903,13,NA
1309,70,14,NA
1310,213,15,NA
1311,1057,16,NA
1312,522,17,NA
1313,664,18,NA
1314,1055,19,NA
1315,886,2,NA
1316,445,20,NA
1317,1137,21,NA
1318,748,22,NA
1319,129,23,NA
1320,292,24,NA
1321,834,25,NA
1322,991,26,NA
1323,347,27,NA
1324,1195,28,NA
1325,662,29,NA
1326,587,3,NA
1327,220,30,NA
1328,63,31,NA
1329,1212,32,NA
1330,1142,4,NA
1331,142,5,NA
1332,278,6,NA
1333,819,7,NA
1334,436,8,NA
1335,364,9,NA
1336,511,1,NA
1337,984,10,NA
1338,749,11,NA
1339,600,12,NA
1340,895,13,NA
1341,60,14,NA
1342,218,15,NA
1343,1055,16,NA
1344,522,17,NA
1345,674,18,NA
1346,1057,19,NA
1347,894,2,NA
1348,441,20,NA
1349,1137,21,NA
1350,751,22,NA
1351,145,23,NA
1352,298,24,NA
1353,832,25,NA
1354,980,26,NA
1355,361,27,NA
1356,1211,28,NA
1357,659,29,NA
1358,592,3,NA
1359,221,30,NA
1360,49,31,NA
1361,1200,32,NA
1362,1122,4,NA
1363,130,5,NA
1364,284,6,NA
1365,827,7,NA
1366,434,8,NA
1367,358,9,NA
1368,224,1,NA
1369,277,10,NA
1370,885,11,NA
1371,595,12,NA
1372,1201,13,NA
1373,675,14,NA
1374,519,15,NA
1375,1050,16,NA
1376,738,17,NA
1377,60,18,NA
1378,979,19,NA
1379,129,2,NA
1380,825,20,NA
1381,426,21,NA
1382,1134,22,NA
1383,510,23,NA
1384,293,24,NA
1385,679,25,NA
1386,1201,26,NA
1387,365,27,NA
1388,214,28,NA
1389,1056,29,NA
1390,1117,3,NA
1391,900,30,NA
1392,58,31,NA
1393,605,32,NA
1394,428,4,NA
1395,815,5,NA
1396,967,6,NA
1397,356,7,NA
1398,745,8,NA
1399,140,9,NA
1400,518,1,NA
1401,978,10,NA
1402,748,11,NA
1403,596,12,NA
1404,898,13,NA
1405,64,14,NA
1406,212,15,NA
1407,1057,16,NA
1408,520,17,NA
1409,683,18,NA
1410,1046,19,NA
1411,907,2,NA
1412,445,20,NA
1413,1131,21,NA
1414,598,3,NA
1415,1128,4,NA
1416,140,5,NA
1417,289,6,NA
1418,820,7,NA
1419,430,8,NA
1420,358,9,NA
1421,512,1,NA
1422,972,10,NA
1423,749,11,NA
1424,594,12,NA
1425,903,13,NA
1426,60,14,NA
1427,210,15,NA
1428,1046,16,NA
1429,530,17,NA
1430,661,18,NA
1431,1055,19,NA
1432,904,2,NA
1433,447,20,NA
1434,1128,21,NA
1435,749,22,NA
1436,141,23,NA
1437,277,24,NA
1438,830,25,NA
1439,986,26,NA
1440,363,27,NA
1441,1199,28,NA
1442,680,29,NA
1443,608,3,NA
1444,219,30,NA
1445,61,31,NA
1446,1204,32,NA
1447,1137,4,NA
1448,135,5,NA
1449,280,6,NA
1450,818,7,NA
1451,429,8,NA
1452,358,9,NA
1453,218,1,NA
1454,285,10,NA
1455,897,11,NA
1456,603,12,NA
1457,1192,13,NA
1458,666,14,NA
1459,510,15,NA
1460,1044,16,NA
1461,753,17,NA
1462,51,18,NA
1463,149,2,NA
1464,818,20,NA
1465,439,21,NA
1466,1130,22,NA
1467,524,23,NA
1468,291,24,NA
1469,681,25,NA
1470,1203,26,NA
1471,365,27,NA
1472,216,28,NA
1473,1045,29,NA
1474,1119,3,NA
1475,894,30,NA
1476,44,31,NA
1477,593,32,NA
1478,431,4,NA
1479,824,5,NA
1480,993,6,NA
1481,365,7,NA
1482,743,8,NA
1483,144,9,NA
1484,517,1,NA
1485,970,10,NA
1486,740,11,NA
1487,604,12,NA
1488,901,13,NA
1489,59,14,NA
1490,208,15,NA
1491,1053,16,NA
1492,513,17,NA
1493,668,18,NA
1494,1043,19,NA
1495,889,2,NA
1496,450,20,NA
1497,1135,21,NA
1498,746,22,NA
1499,141,23,NA
1500,279,24,NA
1501,826,25,NA
1502,990,26,NA
1503,363,27,NA
1504,1200,28,NA
1505,670,29,NA
1506,589,3,NA
1507,214,30,NA
1508,63,31,NA
1509,1210,32,NA
1510,1133,4,NA
1511,135,5,NA
1512,284,6,NA
1513,818,7,NA
1514,427,8,NA
1515,359,9,NA
1516,222,1,NA
1517,297,10,NA
1518,899,11,NA
1519,599,12,NA
1520,1192,13,NA
1521,677,14,NA
1522,521,15,NA
1523,1042,16,NA
1524,753,17,NA
1525,69,18,NA
1526,981,19,NA
1527,143,2,NA
1528,827,20,NA
1529,442,21,NA
1530,1132,22,NA
1531,528,23,NA
1532,299,24,NA
1533,677,25,NA
1534,1205,26,NA
1535,360,27,NA
1536,203,28,NA
1537,1044,29,NA
1538,1136,3,NA
1539,902,30,NA
1540,56,31,NA
1541,607,32,NA
1542,437,4,NA
1543,828,5,NA
1544,981,6,NA
1545,368,7,NA
1546,753,8,NA
1547,142,9,NA
1548,506,1,NA
1549,968,10,NA
1550,746,11,NA
1551,602,12,NA
1552,890,13,NA
1553,62,14,NA
1554,206,15,NA
1555,1047,16,NA
1556,517,17,NA
1557,665,18,NA
1558,1057,19,NA
1559,892,2,NA
1560,443,20,NA
1561,1133,21,NA
1562,749,22,NA
1563,143,23,NA
1564,287,24,NA
1565,826,25,NA
1566,975,26,NA
1567,363,27,NA
1568,1189,28,NA
1569,674,29,NA
1570,592,3,NA
1571,220,30,NA
1572,54,31,NA
1573,1200,32,NA
1574,1122,4,NA
1575,144,5,NA
1576,291,6,NA
1577,813,7,NA
1578,441,8,NA
1579,364,9,NA
1580,518,1,NA
1581,982,10,NA
1582,756,11,NA
1583,596,12,NA
1584,896,13,NA
1585,43,14,NA
1586,218,15,NA
1587,1053,16,NA
1588,506,17,NA
1589,676,18,NA
1590,1053,19,NA
1591,894,2,NA
1592,453,20,NA
1593,1135,21,NA
1594,755,22,NA
1595,147,23,NA
1596,276,24,NA
1597,822,25,NA
1598,980,26,NA
1599,366,27,NA
1600,1202,28,NA
1601,678,29,NA
1602,589,3,NA
1603,223,30,NA
1604,50,31,NA
1605,1202,32,NA
1606,1123,4,NA
1607,140,5,NA
1608,286,6,NA
1609,820,7,NA
1610,438,8,NA
1611,355,9,NA
1612,213,1,NA
1613,297,10,NA
1614,888,11,NA
1615,588,12,NA
1616,1190,13,NA
1617,663,14,NA
1618,514,15,NA
1619,1054,16,NA
1620,747,17,NA
1621,55,18,NA
1622,989,19,NA
1623,147,2,NA
1624,821,20,NA
1625,435,21,NA
1626,1129,22,NA
1627,521,23,NA
1628,282,24,NA
1629,687,25,NA
1630,1196,26,NA
1631,357,27,NA
1632,216,28,NA
1633,1052,29,NA
1634,1136,3,NA
1635,902,30,NA
1636,48,31,NA
1637,603,32,NA
1638,448,4,NA
1639,814,5,NA
1640,965,6,NA
1641,352,7,NA
1642,759,8,NA
1643,138,9,NA
1644,513,1,NA
1645,980,10,NA
1646,752,11,NA
1647,600,12,NA
1648,905,13,NA
1649,60,14,NA
1650,204,15,NA
1651,1047,16,NA
1652,515,17,NA
1653,667,18,NA
1654,1057,19,NA
1655,894,2,NA
1656,453,20,NA
1657,1131,21,NA
1658,758,22,NA
1659,139,23,NA
1660,281,24,NA
1661,834,25,NA
1662,976,26,NA
1663,367,27,NA
1664,1187,28,NA
1665,680,29,NA
1666,594,3,NA
1667,221,30,NA
1668,65,31,NA
1669,1211,32,NA
1670,1126,4,NA
1671,144,5,NA
1672,296,6,NA
1673,827,7,NA
1674,443,8,NA
1675,359,9,NA
1676,217,1,NA
1677,290,10,NA
1678,898,11,NA
1679,593,12,NA
1680,1208,13,NA
1681,689,14,NA
1682,516,15,NA
1683,1044,16,NA
1684,757,17,NA
1685,64,18,NA
1686,983,19,NA
1687,126,2,NA
1688,833,20,NA
1689,452,21,NA
1690,1141,22,NA
1691,521,23,NA
1692,289,24,NA
1693,660,25,NA
1694,1198,26,NA
1695,369,27,NA
1696,199,28,NA
1697,1052,29,NA
1698,1127,3,NA
1699,908,30,NA
1700,76,31,NA
1701,597,32,NA
1702,435,4,NA
1703,822,5,NA
1704,971,6,NA
1705,360,7,NA
1706,759,8,NA
1707,146,9,NA
1708,518,1,NA
1709,980,10,NA
1710,740,11,NA
1711,591,12,NA
1712,890,13,NA
1713,62,14,NA
1714,226,15,NA
1715,1041,16,NA
1716,520,17,NA
1717,667,18,NA
1718,1049,19,NA
1719,892,2,NA
1720,436,20,NA
1721,1116,21,NA
1722,752,22,NA
1723,124,23,NA
1724,290,24,NA
1725,832,25,NA
1726,970,26,NA
1727,366,27,NA
1728,1193,28,NA
1729,670,29,NA
1730,598,3,NA
1731,216,30,NA
1732,65,31,NA
1733,1191,32,NA
1734,1121,4,NA
1735,138,5,NA
1736,282,6,NA
1737,817,7,NA
1738,432,8,NA
1739,363,9,NA
1740,210,1,NA
1741,283,10,NA
1742,899,11,NA
1743,595,12,NA
1744,1188,13,NA
1745,673,14,NA
1746,514,15,NA
1747,1048,16,NA
1748,750,17,NA
1749,57,18,NA
1750,963,19,NA
1751,139,2,NA
1752,444,21,NA
1753,1139,22,NA
1754,519,23,NA
1755,304,24,NA
1756,214,28,NA
1757,1056,29,NA
1758,1125,3,NA
1759,433,4,NA
1760,824,5,NA
1761,969,6,NA
1762,357,7,NA
1763,743,8,NA
1764,128,9,NA
1765,511,1,NA
1766,970,10,NA
1767,742,11,NA
1768,594,12,NA
1769,899,13,NA
1770,64,14,NA
1771,210,15,NA
1772,1047,16,NA
1773,515,17,NA
1774,670,18,NA
1775,1059,19,NA
1776,886,2,NA
1777,425,20,NA
1778,1137,21,NA
1779,751,22,NA
1780,131,23,NA
1781,292,24,NA
1782,832,25,NA
1783,966,26,NA
1784,361,27,NA
1785,1197,28,NA
1786,672,29,NA
1787,585,3,NA
1788,205,30,NA
1789,46,31,NA
1790,1211,32,NA
1791,1135,4,NA
1792,135,5,NA
1793,284,6,NA
1794,820,7,NA
1795,440,8,NA
1796,354,9,NA
1797,209,1,NA
1798,285,10,NA
1799,893,11,NA
1800,593,12,NA
1801,1188,13,NA
1802,669,14,NA
1803,521,15,NA
1804,1045,16,NA
1805,757,17,NA
1806,57,18,NA
1807,981,19,NA
1808,132,2,NA
1809,827,20,NA
1810,448,21,NA
1811,1134,22,NA
1812,523,23,NA
1813,296,24,NA
1814,677,25,NA
1815,1205,26,NA
1816,362,27,NA
1817,220,28,NA
1818,1058,29,NA
1819,1141,3,NA
1820,431,4,NA
1821,822,5,NA
1822,988,6,NA
1823,362,7,NA
1824,743,8,NA
1825,142,9,NA
1826,525,1,NA
1827,986,10,NA
1828,742,11,NA
1829,609,12,NA
1830,895,13,NA
1831,53,14,NA
1832,202,15,NA
1833,1051,16,NA
1834,507,17,NA
1835,682,18,NA
1836,1040,19,NA
1837,887,2,NA
1838,451,20,NA
1839,1137,21,NA
1840,739,22,NA
1841,136,23,NA
1842,290,24,NA
1843,832,25,NA
1844,972,26,NA
1845,355,27,NA
1846,1193,28,NA
1847,684,29,NA
1848,608,3,NA
1849,49,31,NA
1850,1189,32,NA
1851,1137,4,NA
1852,138,5,NA
1853,278,6,NA
1854,820,7,NA
1855,429,8,NA
1856,370,9,NA
1857,517,1,NA
1858,973,10,NA
1859,744,11,NA
1860,604,12,NA
1861,897,13,NA
1862,64,14,NA
1863,222,15,NA
1864,1060,16,NA
1865,526,17,NA
1866,672,18,NA
1867,1061,19,NA
1868,894,2,NA
1869,445,20,NA
1870,1118,21,NA
1871,752,22,NA
1872,148,23,NA
1873,295,24,NA
1874,832,25,NA
1875,977,26,NA
1876,1206,28,NA
1877,667,29,NA
1878,589,3,NA
1879,211,30,NA
1880,68,31,NA
1881,1193,32,NA
1882,1137,4,NA
1883,140,5,NA
1884,286,6,NA
1885,823,7,NA
1886,438,8,NA
1887,363,9,NA
1888,210,1,NA
1889,287,10,NA
1890,893,11,NA
1891,595,12,NA
1892,1203,13,NA
1893,675,14,NA
1894,519,15,NA
1895,1044,16,NA
1896,66,18,NA
1897,963,19,NA
1898,150,2,NA
1899,831,20,NA
1900,448,21,NA
1901,1139,22,NA
1902,1141,3,NA
1903,428,4,NA
1904,836,5,NA
1905,963,6,NA
1906,350,7,NA
1907,747,8,NA
1908,146,9,NA
1909,508,1,NA
1910,977,10,NA
1911,746,11,NA
1912,606,12,NA
1913,906,13,NA
1914,53,14,NA
1915,212,15,NA
1916,1055,16,NA
1917,522,17,NA
1918,667,18,NA
1919,1055,19,NA
1920,902,2,NA
1921,451,20,NA
1922,1137,21,NA
1923,754,22,NA
1924,145,23,NA
1925,297,24,NA
1926,832,25,NA
1927,977,26,NA
1928,367,27,NA
1929,1213,28,NA
1930,678,29,NA
1931,592,3,NA
1932,201,30,NA
1933,67,31,NA
1934,1197,32,NA
1935,1140,4,NA
1936,135,5,NA
1937,284,6,NA
1938,825,7,NA
1939,429,8,NA
1940,361,9,NA
1941,507,1,NA
1942,987,10,NA
1943,744,11,NA
1944,589,12,NA
1945,901,13,NA
1946,57,14,NA
1947,208,15,NA
1948,1053,16,NA
1949,531,17,NA
1950,674,18,NA
1951,1053,19,NA
1952,891,2,NA
1953,440,20,NA
1954,1120,21,NA
1955,752,22,NA
1956,151,23,NA
1957,288,24,NA
1958,816,25,NA
1959,973,26,NA
1960,361,27,NA
1961,1191,28,NA
1962,680,29,NA
1963,586,3,NA
1964,200,30,NA
1965,52,31,NA
1966,1204,32,NA
1967,1138,4,NA
1968,133,5,NA
1969,282,6,NA
1970,818,7,NA
1971,434,8,NA
1972,355,9,NA
1973,210,1,NA
1974,294,10,NA
1975,893,11,NA
1976,590,12,NA
1977,1194,13,NA
1978,675,14,NA
1979,516,15,NA
1980,1054,16,NA
1981,750,17,NA
1982,72,18,NA
1983,974,19,NA
1984,129,2,NA
1985,829,20,NA
1986,444,21,NA
1987,1132,22,NA
1988,509,23,NA
1989,291,24,NA
1990,677,25,NA
1991,1205,26,NA
1992,362,27,NA
1993,207,28,NA
1994,1058,29,NA
1995,1139,3,NA
1996,902,30,NA
1997,65,31,NA
1998,601,32,NA
1999,431,4,NA
2000,815,5,NA
2001,963,6,NA
2002,353,7,NA
2003,741,8,NA
2004,512,1,NA
2005,984,10,NA
2006,751,11,NA
2007,606,12,NA
2008,901,13,NA
2009,69,14,NA
2010,217,15,NA
2011,1060,16,NA
2012,527,17,NA
2013,680,18,NA
2014,1062,19,NA
2015,887,2,NA
2016,449,20,NA
2017,1140,21,NA
2018,751,22,NA
2019,145,23,NA
2020,287,24,NA
2021,834,25,NA
2022,964,26,NA
2023,351,27,NA
2024,1202,28,NA
2025,688,29,NA
2026,600,3,NA
2027,221,30,NA
2028,63,31,NA
2029,1209,32,NA
2030,1124,4,NA
2031,146,5,NA
2032,284,6,NA
2033,835,7,NA
2034,440,8,NA
2035,374,9,NA
