bank,item,a,d
eng_comprehension_full,airplane,1.9610538689991952,-0.6263679046511823
eng_comprehension_full,all,2.3305584816714315,-3.3265936142998087
eng_comprehension_full,all gone,1.7882540078044957,1.6963210646815923
eng_comprehension_full,animal,2.359316866628957,-2.27438066238412
eng_comprehension_full,another,1.7696555585619511,-2.6351632402019938
eng_comprehension_full,apple,2.160775855321486,-0.5115918302321589
eng_comprehension_full,arm,2.744130216695557,-1.7445925072355617
eng_comprehension_full,asleep,2.224306988703811,-1.7962400532738252
eng_comprehension_full,aunt,1.0110852258241212,-1.5382563425735354
eng_comprehension_full,away,1.9308643534530279,-3.0871965200616587
eng_comprehension_full,baa baa,1.0453268545375098,0.11433027854316737
eng_comprehension_full,baby,1.6770134638365648,1.0621376368850886
eng_comprehension_full,babysitter,0.9360628925080947,-2.721259224940647
eng_comprehension_full,babysitter's name,0.6427333366187129,-0.8619988491212133
eng_comprehension_full,back,1.9730013740897971,-2.4463113037332906
eng_comprehension_full,backyard,1.5886285206611006,-1.5876184301770597
eng_comprehension_full,bad,1.1485612104907197,-1.1139217702617272
eng_comprehension_full,ball,2.7300660287483858,3.271812977358753
eng_comprehension_full,balloon,2.241749681165528,0.8361402532230604
eng_comprehension_full,banana,2.16192483242726,1.1541329611190567
eng_comprehension_full,bath,2.386956258026942,2.9791852481375956
eng_comprehension_full,bathroom,2.5550867766201932,-0.37092092875159144
eng_comprehension_full,bathtub,2.24636226960071,0.8204974254970165
eng_comprehension_full,beach,1.536454240080843,-3.3292531530286325
eng_comprehension_full,beads,1.5381462132305943,-3.249066270039034
eng_comprehension_full,bear,1.7424154013541926,-0.46860351612698953
eng_comprehension_full,bed,2.5213116424004247,0.1387758540526195
eng_comprehension_full,bedroom,2.4749696950471196,-1.2186285145136242
eng_comprehension_full,bee,2.228798021145522,-2.504521348393264
eng_comprehension_full,belly button,2.0408330327118467,-0.37224591487264846
eng_comprehension_full,bib,1.9826132497239086,-0.4843397552235836
eng_comprehension_full,bicycle,2.051750394104005,-1.793916937886438
eng_comprehension_full,big,2.1334789525428652,-2.03221253245013
eng_comprehension_full,bird,2.1166888589692228,0.522447696036747
eng_comprehension_full,bite,1.5999748160464817,0.20757829803220165
eng_comprehension_full,blanket,1.7929806945468147,0.22166434761164389
eng_comprehension_full,block,1.9462946203498848,-0.46300313800781506
eng_comprehension_full,blow,2.0461315166618688,-0.6260604263743411
eng_comprehension_full,blue,1.9465828410848665,-3.9389264948742886
eng_comprehension_full,book,2.522806587679824,2.5900141210598857
eng_comprehension_full,boots,2.013611087712219,-3.164375200025868
eng_comprehension_full,bottle,0.8933388325068704,1.1400246130170073
eng_comprehension_full,bowl,2.9408159781067447,-1.5731326365242329
eng_comprehension_full,box,2.86423042921888,-2.165202150469796
eng_comprehension_full,boy,2.014630371606149,-2.4621861987950564
eng_comprehension_full,bread,2.015947805191841,-0.7098181601901403
eng_comprehension_full,break,3.143564984498905,-4.76803909634163
eng_comprehension_full,breakfast,2.0066850978114448,-0.005229818441587916
eng_comprehension_full,bring,2.223552979993439,0.02826324720334931
eng_comprehension_full,broken,2.5478005712098866,-3.636845009757603
eng_comprehension_full,broom,1.9186364931032003,-1.4968845940686988
eng_comprehension_full,brother,0.13209925602319156,-1.2978991750688866
eng_comprehension_full,brush,2.602686150817876,0.2196214168577897
eng_comprehension_full,bubbles,2.0660016747005243,-0.47449252106958667
eng_comprehension_full,bug,2.1870676951747674,-2.3719571564297013
eng_comprehension_full,bump,1.9815150678221378,-2.363943620232294
eng_comprehension_full,bunny,1.8600598208111088,-0.3369492096008013
eng_comprehension_full,bus,1.9572148268038978,-1.9991635383613107
eng_comprehension_full,butter,2.4737599193346824,-4.389409004632005
eng_comprehension_full,butterfly,2.253946155612078,-2.543572206522003
eng_comprehension_full,button,2.120985860301989,-1.3007890126041683
eng_comprehension_full,bye,2.039387654521875,4.253865897056067
eng_comprehension_full,cake,1.9047513002088488,-2.678221863306708
eng_comprehension_full,candy,1.3982431034122536,-2.156414588600778
eng_comprehension_full,car,2.8741303708061468,1.7008946375945733
eng_comprehension_full,careful,1.6239826589221547,-0.18963261424064823
eng_comprehension_full,carrots,2.171050210890332,-1.6586454487817535
eng_comprehension_full,cat,1.7410668932902171,0.8670792867097163
eng_comprehension_full,cereal,1.8396609979590817,-0.4195975301988174
eng_comprehension_full,chair,3.1572026773383195,-0.27827181339435936
eng_comprehension_full,cheek,2.2929439551036865,-2.873541964982406
eng_comprehension_full,cheerios,1.1136189562766359,0.3862277861693158
eng_comprehension_full,cheese,1.951500733762827,-0.12071090187019716
eng_comprehension_full,chicken (animal),2.2140325093016973,-1.9190978676628887
eng_comprehension_full,chicken (food),1.8875684914749866,-1.9715154538360287
eng_comprehension_full,child,1.709528236818528,-3.713759711187585
eng_comprehension_full,child's own name,0.9189879641625791,2.152290356348399
eng_comprehension_full,choo choo,1.7770923114151305,-1.0612255173732363
eng_comprehension_full,church*,1.1319018168986645,-2.5650372366337857
eng_comprehension_full,clean (action),2.531988361314289,-1.8528693800653422
eng_comprehension_full,clean (description),2.511489077614661,-2.4291950187317237
eng_comprehension_full,clock,1.9488882726729175,-2.1251258213112396
eng_comprehension_full,close,2.169320908299094,-0.41574222957601403
eng_comprehension_full,coat,1.6482990697329325,-1.5098374775904706
eng_comprehension_full,cockadoodledoo,1.8292802170935472,-1.8401168330154638
eng_comprehension_full,coffee,1.8285095819928883,-3.08961229589663
eng_comprehension_full,cold,2.4623449858296143,-1.511631550604863
eng_comprehension_full,comb,1.5984843891554028,-1.012728292116492
eng_comprehension_full,cookie,1.66731391186766,0.6844833390798877
eng_comprehension_full,couch,2.60387650188798,-1.567277806417015
eng_comprehension_full,cow,2.0780517792711937,-0.5218524893190591
eng_comprehension_full,cracker,1.8328402661968548,0.7660479635053241
eng_comprehension_full,crib,1.5775507477921986,-0.5101215049422579
eng_comprehension_full,cry,2.102283112486943,-0.9458260009989745
eng_comprehension_full,cup,2.6373742408670497,1.3600659967224016
eng_comprehension_full,cute,1.4734952787499764,-2.1886843434537457
eng_comprehension_full,daddy*,0.8280364762064479,3.3327211165395796
eng_comprehension_full,dance,2.0476004734258337,0.7401015879395757
eng_comprehension_full,dark,2.7586530726469487,-4.404538237746502
eng_comprehension_full,day,2.0883883261113985,-4.021720763557379
eng_comprehension_full,deer,2.1597791866782465,-3.816487499557446
eng_comprehension_full,diaper,2.917455333904219,2.4774729689755635
eng_comprehension_full,dinner,2.0338989528524904,-0.49544526722347115
eng_comprehension_full,dirty,2.143592758753469,-1.0743249356683995
eng_comprehension_full,dish,2.2907145591437805,-2.575492611975469
eng_comprehension_full,dog,1.9320873398915688,2.1916031000501905
eng_comprehension_full,doll,1.4737107119205035,-0.4476059797311319
eng_comprehension_full,don't,1.4807868032036378,0.7221535882241541
eng_comprehension_full,donkey,1.9448471474670892,-3.7010353441680848
eng_comprehension_full,door,3.0919262802690177,0.5048014009920627
eng_comprehension_full,down,2.0232399638528618,0.19001853772328675
eng_comprehension_full,draw,2.2207463492731754,-2.7305492427357745
eng_comprehension_full,drawer,2.014372911015126,-2.1126350056618466
eng_comprehension_full,dress (object),1.8071287796431599,-2.5002729348186223
eng_comprehension_full,drink (action),2.4529014847815507,1.3476105293121232
eng_comprehension_full,drink (beverage),1.8034119814813796,0.6788160299399838
eng_comprehension_full,drive,2.3408946432931192,-2.3690946061066667
eng_comprehension_full,dry (description),2.6148784187563985,-3.679965589461692
eng_comprehension_full,duck,1.9620128251276876,0.2582692533745782
eng_comprehension_full,ear,2.6627446923892175,-0.03197096087522758
eng_comprehension_full,eat,2.257828506054801,1.2787288748747898
eng_comprehension_full,egg,2.0470641558561797,-2.1737929171661596
eng_comprehension_full,elephant,2.1492692276630345,-2.042218673917399
eng_comprehension_full,empty,1.7218448578448027,-1.590118329980451
eng_comprehension_full,eye,2.497047963668378,0.5729857003904596
eng_comprehension_full,face,2.430909594215392,-1.8430733896799942
eng_comprehension_full,fall,2.617912642235859,-1.7172502294544247
eng_comprehension_full,fast,2.8436537337681145,-4.596627044869433
eng_comprehension_full,feed,2.2818007844873094,-2.3933459765557905
eng_comprehension_full,fine,2.7254772408158905,-7.023036967263422
eng_comprehension_full,finger,2.5654942632804505,-1.0145376800321446
eng_comprehension_full,finish,1.997612838997653,-2.895013805437941
eng_comprehension_full,firetruck,1.8841816994707072,-2.2965688046547488
eng_comprehension_full,fish (animal),2.067580036939052,-0.5810648101974761
eng_comprehension_full,fish (food),2.078204452543636,-2.850123308393617
eng_comprehension_full,flower,2.633990190704919,-0.741656546894884
eng_comprehension_full,food,1.9099729304941155,-0.9250396985438168
eng_comprehension_full,foot,2.7845687172107874,0.48765903901054297
eng_comprehension_full,fork,2.599707424168133,-1.904431651436628
eng_comprehension_full,frog,2.155214962643172,-1.9936777414514368
eng_comprehension_full,garage,1.8461881772344646,-2.5925402979361625
eng_comprehension_full,garden,1.9408971735400689,-3.71761384052423
eng_comprehension_full,gentle,1.3971006467816127,-0.7493860648628293
eng_comprehension_full,get,2.126667444796057,0.2112514119080372
eng_comprehension_full,giraffe,2.2082508643275416,-3.047498162886926
eng_comprehension_full,girl,1.9274090441310106,-2.5022240333219297
eng_comprehension_full,give,2.0535383703275927,0.7779065375594546
eng_comprehension_full,glass,2.3762649607623763,-2.5051284904678845
eng_comprehension_full,glasses,2.0201878303388137,-0.7722497311051257
eng_comprehension_full,go,2.3404966389997734,0.4503791664485306
eng_comprehension_full,good,1.5085006279307032,-0.22769481309900172
eng_comprehension_full,goose,2.273917058013972,-3.798459554459521
eng_comprehension_full,grandma*,1.004500601492411,0.8153998974114817
eng_comprehension_full,grandpa*,0.9527284670225239,0.1773650730413924
eng_comprehension_full,grrr,1.2188746726140818,-0.04354026872057863
eng_comprehension_full,hair,3.04448740659769,0.46718258731373025
eng_comprehension_full,hammer,1.7515467090789252,-2.724177820728313
eng_comprehension_full,hand,2.546265122285879,-0.2483965787856726
eng_comprehension_full,happy,1.910364824870508,-2.0233778019787296
eng_comprehension_full,hard,3.0748361169713925,-5.485796602775743
eng_comprehension_full,hat,2.2198122521326216,0.075881208355997945
eng_comprehension_full,head,2.592155243847265,-0.9384429847390721
eng_comprehension_full,hello,1.5538951149179905,0.3252000413208236
eng_comprehension_full,help,2.775731932138502,-2.5180091692316786
eng_comprehension_full,her,2.1212721085635464,-4.107181798427217
eng_comprehension_full,hi,1.416259403812823,1.916879773281186
eng_comprehension_full,high chair,1.9671445400290335,0.08312768078128939
eng_comprehension_full,his,2.2452525992282086,-4.463372702665494
eng_comprehension_full,hit,1.94584821686017,-1.1280922328896914
eng_comprehension_full,home,1.8843911921585519,-0.6760988249947218
eng_comprehension_full,horse,2.356847330332354,-1.0640835839908753
eng_comprehension_full,hot,2.1545575619050563,0.09662005957256078
eng_comprehension_full,house,2.6354507714882227,-2.012690322988631
eng_comprehension_full,how,1.8881711461255868,-4.433194967165807
eng_comprehension_full,hug,2.1957830812172827,1.149051583001972
eng_comprehension_full,hungry,1.8300102945614727,-0.25595978198228636
eng_comprehension_full,hurry,2.1397091412897034,-3.1232665115060962
eng_comprehension_full,hurt,2.4810639558298337,-2.691445745805814
eng_comprehension_full,I,1.9073588527202316,-2.92344521831378
eng_comprehension_full,ice cream,1.6412180265967429,-1.4321537255948238
eng_comprehension_full,in,2.174640094645045,-0.902922644670617
eng_comprehension_full,inside,2.2699255460213297,-1.8627509675241436
eng_comprehension_full,it,1.942718808133121,-2.9216366723699037
eng_comprehension_full,jacket,1.6854759379682325,-1.5557144904055986
eng_comprehension_full,jeans,2.444867554273159,-4.6444558372462454
eng_comprehension_full,juice,1.6873026046354362,1.0946277082629448
eng_comprehension_full,jump,1.857285916912957,-1.98227157290765
eng_comprehension_full,keys,2.7081410490561315,1.1167261199529852
eng_comprehension_full,kick,1.873045907263238,-1.7452573573277141
eng_comprehension_full,kiss,1.8097397736683816,1.9216259409883294
eng_comprehension_full,kitchen,2.7884899108611516,-0.9133242737663038
eng_comprehension_full,kitty,1.362044557843474,0.8500766673533948
eng_comprehension_full,knee,2.4473336399781003,-3.084352389330337
eng_comprehension_full,lady,2.007910121797806,-3.569721872091566
eng_comprehension_full,lamb,1.897633345261463,-2.3703846522471888
eng_comprehension_full,lamp,2.2729962361007643,-3.1200555929667386
eng_comprehension_full,later,2.1572655737781785,-3.977762108235579
eng_comprehension_full,leg,3.081963618728266,-2.3780306281532053
eng_comprehension_full,light,2.2515129573643367,-0.49588717040379054
eng_comprehension_full,lion,2.0158688022758593,-2.117159183373706
eng_comprehension_full,little (description),2.9368001528904824,-4.2269556624193365
eng_comprehension_full,living room,2.2975343842357168,-2.642852723636099
eng_comprehension_full,look,1.8324807453292788,0.5830517645511647
eng_comprehension_full,love,1.713059842923935,-0.7674539897145664
eng_comprehension_full,lunch,2.1835297806015945,-0.4991774538620529
eng_comprehension_full,man,2.122957652708035,-3.3772234540505455
eng_comprehension_full,me,1.8319557752412032,-1.8578429288196687
eng_comprehension_full,meat,1.9659519032944233,-2.966060697538312
eng_comprehension_full,medicine,1.4542492133797749,-1.4095992068831098
eng_comprehension_full,meow,1.704957575663211,0.5391067855789617
eng_comprehension_full,milk,1.7017085160744239,0.874408756121282
eng_comprehension_full,mine,1.5907294031617367,-1.46274858756567
eng_comprehension_full,mommy*,1.3614737472787108,4.331975477978648
eng_comprehension_full,money,1.9415232690846571,-2.869260808420111
eng_comprehension_full,monkey,2.100323825137572,-1.7563438650203116
eng_comprehension_full,moo,1.8878368704869164,-0.12685369187477175
eng_comprehension_full,moon,1.739121224281024,-1.7732952046238517
eng_comprehension_full,more,1.92926520842471,0.19479755956113828
eng_comprehension_full,morning,1.7240356662243572,-3.223838605712764
eng_comprehension_full,motorcycle,1.7215853223074693,-2.9506347531524466
eng_comprehension_full,mouse,2.233234452026625,-2.5522427190557826
eng_comprehension_full,mouth,2.635173717944932,0.6380643298874189
eng_comprehension_full,my,1.9861610128417586,-2.9506393294029523
eng_comprehension_full,nap,2.0947250424876023,0.4491145203353135
eng_comprehension_full,naughty,1.1610635485112226,-2.9321551300308077
eng_comprehension_full,necklace,1.9314826945086108,-2.6874133748814986
eng_comprehension_full,nice,1.405382715159398,-1.4610265977722574
eng_comprehension_full,night,1.779184548332566,-2.2318510937730864
eng_comprehension_full,night night,1.5080772954724935,1.565429099558119
eng_comprehension_full,no,1.4808969827072946,3.3549066587045306
eng_comprehension_full,none,1.8017362341724235,-3.3591468727048754
eng_comprehension_full,noodles,1.9956128748654245,-2.0410195905053286
eng_comprehension_full,nose,2.195795663231807,1.267903984993655
eng_comprehension_full,not,2.112347598035474,-3.6342793757629352
eng_comprehension_full,now,2.0267297334290233,-3.0847725576195772
eng_comprehension_full,off,2.1788005566554536,-0.7641823588899053
eng_comprehension_full,old,2.8090220959435204,-7.306846546548337
eng_comprehension_full,on,2.4682584244356613,-1.04631594132039
eng_comprehension_full,open,2.8434036331257038,-0.20026079827077423
eng_comprehension_full,orange (food),2.3451675755213652,-2.4664560194810137
eng_comprehension_full,other,2.222114626840698,-4.266664121349181
eng_comprehension_full,ouch,1.5645523807837682,0.027101905710222578
eng_comprehension_full,out,2.300846787289937,-0.9499267539557719
eng_comprehension_full,outside,2.312454866663895,1.3461579361759866
eng_comprehension_full,oven,2.27668363543968,-2.7758440429772477
eng_comprehension_full,owie/boo boo,1.6277596101500658,-0.9388964005571707
eng_comprehension_full,owl,1.9307215500272092,-2.6358742816342677
eng_comprehension_full,pajamas,2.443804636409882,-0.7466855509218411
eng_comprehension_full,pants,2.8556082398679012,-1.5649009629516375
eng_comprehension_full,paper,2.4685829723029165,-1.7834495640241548
eng_comprehension_full,park,1.7551205526338645,-1.8365225253974358
eng_comprehension_full,party,2.118058668495186,-4.716219446312307
eng_comprehension_full,pattycake,0.8075738430566624,0.719291399869877
eng_comprehension_full,peas,1.9571087342450106,-1.797322036030695
eng_comprehension_full,peekaboo,1.416206203786797,2.7898752830703026
eng_comprehension_full,pen,1.9799968915221062,-1.727224763629822
eng_comprehension_full,penguin,2.0687356238724655,-3.893587502666099
eng_comprehension_full,penny,1.980153001057264,-3.9930691096094293
eng_comprehension_full,people,2.0605904277603666,-3.1773101914607147
eng_comprehension_full,person,2.0805603608765453,-4.423373022252896
eng_comprehension_full,picture,2.702743308955893,-1.8912294288780946
eng_comprehension_full,pig,2.2134081058756117,-0.9539982588392671
eng_comprehension_full,pillow,2.2215872094858176,-1.1943191265622795
eng_comprehension_full,pizza,2.0973552159167457,-2.278023791196127
eng_comprehension_full,plant,2.0695391142640447,-2.0611150352551753
eng_comprehension_full,plate,3.0567788696709104,-2.6460643359761855
eng_comprehension_full,play,2.5493667258006276,-0.9447099978856363
eng_comprehension_full,play pen,0.9919081563712026,-2.1030740450778875
eng_comprehension_full,please,1.9687745140883453,-1.1201741125176092
eng_comprehension_full,pony,1.944465470509568,-3.231408787760359
eng_comprehension_full,pool,1.243738523873629,-1.5289903731369976
eng_comprehension_full,potty,2.0339268699570754,-2.051996045631188
eng_comprehension_full,pretty,1.4421297972923748,-1.5531343672693558
eng_comprehension_full,pull,2.181035774070195,-2.31810221998875
eng_comprehension_full,puppy,1.5215458259760477,-0.3249441315034442
eng_comprehension_full,purse,1.9807941292773916,-1.633226429966597
eng_comprehension_full,push,1.9702594788439547,-1.355404481259088
eng_comprehension_full,put,2.33200437570343,-1.5356494633381228
eng_comprehension_full,quack quack,1.7833221865730151,0.06952604510536631
eng_comprehension_full,radio,1.9281507808493328,-2.5470999584925185
eng_comprehension_full,rain,2.2882099204070605,-2.6565633484509172
eng_comprehension_full,raisin,1.6340742899984642,-2.1397709809456216
eng_comprehension_full,read,2.283885099109914,-0.4907183373466319
eng_comprehension_full,red,1.9468297363917402,-4.231304630297609
eng_comprehension_full,refrigerator,2.61090462877674,-1.2546452930253997
eng_comprehension_full,ride,2.763343689234191,-1.5028719465535112
eng_comprehension_full,rock,2.1329851013736163,-2.052891374663491
eng_comprehension_full,rocking chair,1.9097995836820811,-1.9555167555224422
eng_comprehension_full,run,2.717730451400154,-2.4413809488409233
eng_comprehension_full,same,2.8373180173295482,-6.44456745098271
eng_comprehension_full,say,1.8857400449370374,-1.4773241080076147
eng_comprehension_full,scared,2.543463890127079,-5.048009434109503
eng_comprehension_full,school,1.238659776867203,-2.6142302036595817
eng_comprehension_full,scissors,2.3823131498048236,-4.164958247619317
eng_comprehension_full,see,1.8962138724041713,-0.7708673339431622
eng_comprehension_full,sheep,2.1085221617437258,-2.259847495892906
eng_comprehension_full,shh/shush/hush,1.3606168438285737,0.0022679461141825678
eng_comprehension_full,shirt,2.7935417458387657,-1.1066865794282659
eng_comprehension_full,shoe,3.0701146991769455,2.2921609405780097
eng_comprehension_full,shorts,2.3879870979800946,-3.0519674237743653
eng_comprehension_full,shovel,1.888725965420802,-3.1461829938787953
eng_comprehension_full,show,2.413325023907863,-1.4528079923039394
eng_comprehension_full,sick,2.2598525596706636,-4.320025055914831
eng_comprehension_full,sing,1.859734474677757,-1.1605354018025764
eng_comprehension_full,sink,2.9754897049687186,-3.5815553090776424
eng_comprehension_full,sister,0.29907641023907106,-1.332118157837562
eng_comprehension_full,sky,2.2435121720619495,-2.6847002469776373
eng_comprehension_full,sleep,2.4616161018769245,-0.499065222143971
eng_comprehension_full,sleepy,1.816610751438319,-0.6443827557588611
eng_comprehension_full,slide (object),2.048721498430239,-1.272371906109979
eng_comprehension_full,smile,1.5679685380733852,-1.1929992536893774
eng_comprehension_full,snow,1.3653086372507908,-3.424820144853079
eng_comprehension_full,soap,2.660167274833596,-2.167030107805442
eng_comprehension_full,sock,2.710441070985383,0.9238965749963299
eng_comprehension_full,soft,2.1548485147896135,-2.196026644007308
eng_comprehension_full,some,1.8683499862623376,-2.618811624612665
eng_comprehension_full,spaghetti,2.0001000671798157,-2.257651985836534
eng_comprehension_full,splash,1.9499223744130185,-0.43946207477227167
eng_comprehension_full,spoon,2.731803462682732,0.1710422120755703
eng_comprehension_full,squirrel,1.9542850316218612,-3.053335154521416
eng_comprehension_full,stairs,2.0246299764499387,-0.8043187551804084
eng_comprehension_full,star,2.0894992874098253,-2.994760672811376
eng_comprehension_full,stop,1.7235790962493716,-0.018750084789233137
eng_comprehension_full,store,2.495651048450826,-2.033861103022223
eng_comprehension_full,stove,2.4190204846432857,-3.319869064765206
eng_comprehension_full,stroller,2.154093187707251,0.3591925082159396
eng_comprehension_full,sun,2.6151957357184497,-3.069949693927996
eng_comprehension_full,sweater,2.022705693173697,-3.193843823522782
eng_comprehension_full,swim,1.3963378368869368,-2.249190562554546
eng_comprehension_full,swing (action),1.823617140193675,-0.9168399675330551
eng_comprehension_full,swing (object),1.6320580287128463,-0.493630462788548
eng_comprehension_full,table,3.1299386708014163,-1.5715603912835365
eng_comprehension_full,take,2.5450459782434973,-2.637974834083448
eng_comprehension_full,teacher,1.2934990239769273,-3.862195341285071
eng_comprehension_full,teddybear,1.8529842808353205,-0.006501400577334178
eng_comprehension_full,telephone,2.610261785541471,1.1737332121481234
eng_comprehension_full,thank you,1.5667105469432012,0.23563019214713404
eng_comprehension_full,that,1.649736573283141,-1.6333575746182853
eng_comprehension_full,there,1.7965516717936558,-1.6614643536983167
eng_comprehension_full,thirsty,1.8413429104935255,-1.0070820120455022
eng_comprehension_full,this,1.676285578336027,-2.0045373143104306
eng_comprehension_full,throw,2.044701879151665,0.0903267290996759
eng_comprehension_full,tickle,1.8950530279094786,-0.31664893424759927
eng_comprehension_full,tiger,2.025550001636918,-2.5708282475589987
eng_comprehension_full,tired,1.9157928179511068,-1.107649774735811
eng_comprehension_full,toast,1.7423222867372745,-1.6614086089348685
eng_comprehension_full,today,2.5934054235840613,-6.2056243225870595
eng_comprehension_full,toe,2.1811838493208264,-0.5159860562614188
eng_comprehension_full,tomorrow,2.5666727257363546,-6.657029983600228
eng_comprehension_full,tongue,1.9025439819385475,-1.2608895220593903
eng_comprehension_full,tonight,1.9541407512876432,-5.1624359594720515
eng_comprehension_full,tooth,2.4950752233699376,-0.7035591689678204
eng_comprehension_full,toothbrush,2.303436895663259,0.06872578314654498
eng_comprehension_full,touch,2.491330844851915,-1.362219457843152
eng_comprehension_full,towel,3.1871622886560225,-2.139098300681962
eng_comprehension_full,toy (object),1.8450632397401705,0.18589406792809826
eng_comprehension_full,train,2.125200331221713,-1.5426541493086259
eng_comprehension_full,trash,2.1262280620329763,-1.5212333550595274
eng_comprehension_full,tree,2.37485156210345,-1.1266956742054797
eng_comprehension_full,truck,1.79480723051555,-0.5138958503658831
eng_comprehension_full,tummy,2.1668669865928503,-0.06402076047541896
eng_comprehension_full,turkey,2.4628542734300805,-4.336009762786963
eng_comprehension_full,turtle,2.0707449038322796,-2.703188719391209
eng_comprehension_full,TV,2.3433362800322297,0.13442392317115892
eng_comprehension_full,uh oh,1.4900462202591116,1.4501345458079444
eng_comprehension_full,uncle,1.1225846680631653,-2.0602132539971842
eng_comprehension_full,under,2.3625426090892847,-2.310858588251317
eng_comprehension_full,up,1.9421928254214778,0.04342394398199275
eng_comprehension_full,vacuum,1.9535122737968562,-0.9595861458406524
eng_comprehension_full,vroom,1.387243070048879,-0.25888230802077167
eng_comprehension_full,wait,1.976227209881297,-1.2468838844762962
eng_comprehension_full,walk,2.2141438354865457,-0.11811160193951258
eng_comprehension_full,wanna/want to,2.01132880404147,-1.226967657496355
eng_comprehension_full,wash,2.652603187100341,-1.036423275070037
eng_comprehension_full,watch (action),2.257002870148436,-2.1800514441410614
eng_comprehension_full,watch (object),2.1516983261355365,-2.0053674674413604
eng_comprehension_full,water (beverage),2.1501968872029797,0.290654237382379
eng_comprehension_full,water (not beverage),2.6684373936459216,-0.05564655783333392
eng_comprehension_full,wet,2.1899485494394475,-1.4864607744315244
eng_comprehension_full,what,1.7262590278664534,-1.3641690642159243
eng_comprehension_full,when,2.587282905478524,-6.81345599558094
eng_comprehension_full,where,1.38411274237002,-0.514869428938347
eng_comprehension_full,who,1.7704444081524853,-1.966304386265651
eng_comprehension_full,why,2.077881878502681,-5.096019577422258
eng_comprehension_full,window,2.536267470377985,-1.1866718488576795
eng_comprehension_full,wipe,2.165513828700203,-1.4966506867494849
eng_comprehension_full,woof woof,1.6599495804486482,0.7827064223104265
eng_comprehension_full,work (place),1.9766484418461514,-2.7118105086020194
eng_comprehension_full,write,2.0308189544277737,-3.3485504962969226
eng_comprehension_full,yes,2.0587102089300195,0.8944775209701212
eng_comprehension_full,you,1.8745667209832386,-1.5764366391603593
eng_comprehension_full,your,1.772943300050226,-2.3268494683421026
eng_comprehension_full,yucky,1.3836583551758226,-0.3313342573868387
eng_comprehension_full,yum yum,1.3444261218752414,0.5494890857630002
eng_comprehension_full,zipper,2.2083196667240115,-2.789982070112996
eng_comprehension_full,zoo,1.8842573281407022,-3.8455070602438464
eng_comprehension_pruned,airplane,1.3436541534067399,-1.140925115545947
eng_comprehension_pruned,all,2.558186028890931,-3.676882766950025
eng_comprehension_pruned,all gone,0.5631026076368416,0.3593702475233091
eng_comprehension_pruned,animal,2.426192130529462,-2.4992881602665697
eng_comprehension_pruned,another,2.09545252251891,-2.8359402447666744
eng_comprehension_pruned,apple,1.2927700397657094,-1.2253939810215093
eng_comprehension_pruned,arm,2.534647635936028,-1.999467643734239
eng_comprehension_pruned,asleep,2.3562018054168328,-1.9908805310163358
eng_comprehension_pruned,aunt,1.05639103841412,-1.7696274511772654
eng_comprehension_pruned,away,2.0638482622947514,-3.1527081669611543
eng_comprehension_pruned,baa baa,0.6040617852049158,-1.5634517146357108
eng_comprehension_pruned,baby,0.4603532758487646,-0.6536241077004905
eng_comprehension_pruned,babysitter,0.9156355146127939,-2.670759558033943
eng_comprehension_pruned,babysitter's name,0.48842834784475736,-1.2896533870569706
eng_comprehension_pruned,back,2.047288256650694,-2.652211356667245
eng_comprehension_pruned,backyard,1.7214513521104857,-1.7184815878448092
eng_comprehension_pruned,bad,1.1186143830089657,-1.3091994211509799
eng_comprehension_pruned,balloon,0.6769989794319694,-0.61629247725935
eng_comprehension_pruned,banana,0.568163556803161,-0.4771128481655587
eng_comprehension_pruned,bathroom,2.3777153101164505,-0.6008403958410977
eng_comprehension_pruned,bathtub,1.369337892999587,0.15874979771605655
eng_comprehension_pruned,beach,1.5292511035696708,-3.42088896178501
eng_comprehension_pruned,beads,1.5458527778640438,-3.4856674314692926
eng_comprehension_pruned,bear,1.019285690334059,-1.1930917259440939
eng_comprehension_pruned,bed,1.876119369211861,-0.26568007022434303
eng_comprehension_pruned,bedroom,2.5556673025671137,-1.4003130992633015
eng_comprehension_pruned,bee,1.9063018759826453,-2.952253121524038
eng_comprehension_pruned,belly button,1.44489948430939,-0.8875958691675847
eng_comprehension_pruned,bib,1.5692059318798277,-0.8401258047332447
eng_comprehension_pruned,bicycle,1.8425420103987544,-2.117242951708868
eng_comprehension_pruned,big,2.1330986825240603,-2.323529369062608
eng_comprehension_pruned,bird,0.7305195594038806,-0.7871363398789072
eng_comprehension_pruned,bite,1.2670854624570511,-0.14330928042804253
eng_comprehension_pruned,blanket,1.2058528361862444,-0.23781471323171097
eng_comprehension_pruned,block,1.353079467318035,-0.9037931427220036
eng_comprehension_pruned,blow,1.737427958106875,-0.8100742912116611
eng_comprehension_pruned,blue,1.9717973030076028,-4.461965534181459
eng_comprehension_pruned,book,0.33088008658794715,0.030300163316360863
eng_comprehension_pruned,boots,2.1347042521025834,-3.7153550950932366
eng_comprehension_pruned,bottle,0.16276421322619178,-0.2716868185742617
eng_comprehension_pruned,bowl,2.627252936733649,-1.9174145069036983
eng_comprehension_pruned,box,2.7007492325553932,-2.5473636578197514
eng_comprehension_pruned,boy,2.1131205959374166,-2.8043297593251375
eng_comprehension_pruned,bread,1.6688645703308338,-1.0765940526186653
eng_comprehension_pruned,break,2.8128798721061172,-4.257631554797506
eng_comprehension_pruned,breakfast,1.8954857893508554,-0.2467990633813678
eng_comprehension_pruned,bring,2.115760269601914,-0.11097502636742504
eng_comprehension_pruned,broken,2.577763554306367,-3.7120440037679674
eng_comprehension_pruned,broom,1.7207873902643696,-1.698124694084814
eng_comprehension_pruned,brush,1.6996583529956204,-0.32097294659207043
eng_comprehension_pruned,bubbles,1.0907837414834205,-1.2860162563374664
eng_comprehension_pruned,bug,1.9416589515662837,-2.7920946579594927
eng_comprehension_pruned,bump,1.9491887855592367,-2.569319047276913
eng_comprehension_pruned,bunny,1.2466986047682558,-0.8434763161910117
eng_comprehension_pruned,bus,1.7089148080220797,-2.357652224396664
eng_comprehension_pruned,butter,2.5088777186353917,-4.522733798868058
eng_comprehension_pruned,butterfly,2.069826786209135,-2.646160855183252
eng_comprehension_pruned,button,1.680745640380954,-1.7430883807866664
eng_comprehension_pruned,bye,-0.2902616082107077,-0.414453553294684
eng_comprehension_pruned,cake,1.9437626650428086,-3.059089697805999
eng_comprehension_pruned,candy,1.3835730220355174,-2.4245899395923356
eng_comprehension_pruned,car,0.8707953732467276,0.1032704780422077
eng_comprehension_pruned,careful,1.6086322058184155,-0.29110444118662326
eng_comprehension_pruned,carrots,2.246719573498673,-1.9114178345856614
eng_comprehension_pruned,cat,0.61047203773729,-0.44369126083140314
eng_comprehension_pruned,cereal,1.620301312427757,-0.7423549575293623
eng_comprehension_pruned,chair,2.2911666628438447,-0.7618714625267621
eng_comprehension_pruned,cheek,2.2213310263331256,-2.990316822319782
eng_comprehension_pruned,cheerios,0.7726967256450197,0.0033015735044181318
eng_comprehension_pruned,cheese,1.0274816133133735,-1.0025324105678504
eng_comprehension_pruned,chicken (animal),2.0368495102692887,-2.117346781869632
eng_comprehension_pruned,chicken (food),1.9027263455363035,-2.27867929862062
eng_comprehension_pruned,child,1.985117817742233,-3.8760719929784218
eng_comprehension_pruned,child's own name,0.17893526564215287,1.0283745380468388
eng_comprehension_pruned,choo choo,1.2592741717974434,-1.6933037715874049
eng_comprehension_pruned,church*,1.263396848966635,-2.683386566186913
eng_comprehension_pruned,clean (action),2.6980716981789574,-2.0850375560351395
eng_comprehension_pruned,clean (description),2.76886273434969,-2.732452684402163
eng_comprehension_pruned,clock,1.756608597312474,-2.530693468058547
eng_comprehension_pruned,close,2.008402065631575,-0.6696353791835922
eng_comprehension_pruned,coat,1.5837331820826868,-1.759796887630525
eng_comprehension_pruned,cockadoodledoo,1.6731307317656732,-2.1664418440479802
eng_comprehension_pruned,coffee,1.8880504959710456,-3.2716220193526913
eng_comprehension_pruned,cold,2.2060123582082505,-1.8806389625480826
eng_comprehension_pruned,comb,1.6440618157222735,-1.1906369106014263
eng_comprehension_pruned,cookie,0.729579673496504,-0.32935329609909175
eng_comprehension_pruned,couch,2.682910601126294,-1.8094667571376288
eng_comprehension_pruned,cow,1.3768852514766636,-0.936624483061492
eng_comprehension_pruned,cracker,0.8474895933608148,-0.25920021355805944
eng_comprehension_pruned,crib,1.6163839224594088,-0.6359340694231358
eng_comprehension_pruned,cry,2.2160687892041437,-1.1779013236782256
eng_comprehension_pruned,cup,1.2224183607311954,0.33074241111973934
eng_comprehension_pruned,cute,1.5322184459201875,-2.2848833663096855
eng_comprehension_pruned,daddy*,-0.4637214617274256,-1.0027291541509733
eng_comprehension_pruned,dance,1.523958474556203,0.413306257545743
eng_comprehension_pruned,dark,2.8958657088802826,-4.500499170458588
eng_comprehension_pruned,day,2.3611965914203976,-4.107490101253623
eng_comprehension_pruned,deer,2.220831490356663,-3.957330644662607
eng_comprehension_pruned,diaper,0.9048451248089259,0.6492127042675775
eng_comprehension_pruned,dinner,1.9864090963788086,-0.7224952126821539
eng_comprehension_pruned,dirty,2.0782075506201076,-1.4507490183351242
eng_comprehension_pruned,dish,2.581672209493697,-2.843986244350929
eng_comprehension_pruned,doll,1.025543770929738,-0.9158131136135438
eng_comprehension_pruned,don't,1.0538373219036368,0.3300465300116922
eng_comprehension_pruned,donkey,2.0109443060995233,-3.762986514172483
eng_comprehension_pruned,door,1.7571974257227398,-0.29572577652278403
eng_comprehension_pruned,down,1.2244476688899228,-0.5552954201887842
eng_comprehension_pruned,draw,2.2671582157712,-2.7438529805498453
eng_comprehension_pruned,drawer,2.2461040692965737,-2.288532914150928
eng_comprehension_pruned,dress (object),1.882422392451953,-2.6749306824933368
eng_comprehension_pruned,drink (action),1.431524680949713,0.5758253030638523
eng_comprehension_pruned,drink (beverage),1.0531689743705512,0.06992091104914105
eng_comprehension_pruned,drive,2.604877474362378,-2.5944063957406818
eng_comprehension_pruned,dry (description),2.830394230444193,-3.791916233556681
eng_comprehension_pruned,duck,0.7469718723560947,-1.0415485143982952
eng_comprehension_pruned,ear,1.4735229954516562,-0.7151847442903612
eng_comprehension_pruned,eat,1.3347122144245982,0.5377002719971189
eng_comprehension_pruned,egg,1.946319719923455,-2.5217062249954667
eng_comprehension_pruned,elephant,2.0209576928628197,-2.2421234609754226
eng_comprehension_pruned,empty,1.8336979440449943,-1.747491102421047
eng_comprehension_pruned,eye,0.9592475221008049,-0.6264809261572666
eng_comprehension_pruned,face,2.506267277916519,-2.0936545466022207
eng_comprehension_pruned,fall,2.7435564318656884,-1.9715136669826425
eng_comprehension_pruned,fast,2.8659945440278918,-4.432239230695768
eng_comprehension_pruned,feed,2.630427214354043,-2.627847429680186
eng_comprehension_pruned,finger,2.3624949183013757,-1.2258344235929999
eng_comprehension_pruned,finish,2.127139503876756,-2.951911271813749
eng_comprehension_pruned,firetruck,1.8433604348664734,-2.3513010710820184
eng_comprehension_pruned,fish (animal),1.2978763119318462,-1.326246554098516
eng_comprehension_pruned,fish (food),2.1134366312451474,-3.6129087610004116
eng_comprehension_pruned,flower,1.830228919334105,-1.2092202232807954
eng_comprehension_pruned,food,1.7896069203250622,-1.1565927185255622
eng_comprehension_pruned,foot,1.6783985248585682,-0.15180919670578782
eng_comprehension_pruned,fork,2.5035992974891035,-2.128483734821355
eng_comprehension_pruned,frog,1.9266901081604972,-2.1445793791073267
eng_comprehension_pruned,garage,2.0931265635829512,-2.7557052249350296
eng_comprehension_pruned,garden,2.137543834626287,-3.744104986352443
eng_comprehension_pruned,gentle,1.3927514180656608,-0.8414660572881294
eng_comprehension_pruned,get,1.8808875212229905,2.499234039730297e-4
eng_comprehension_pruned,giraffe,2.1574124885726125,-3.1658978723697753
eng_comprehension_pruned,girl,2.111969656808473,-2.921942130673097
eng_comprehension_pruned,give,1.880695430715222,0.6240013505069537
eng_comprehension_pruned,glass,2.5888410497891647,-2.7271411117535105
eng_comprehension_pruned,glasses,1.8716107442603231,-1.071993145543507
eng_comprehension_pruned,go,1.309149949442427,-0.27075613197589904
eng_comprehension_pruned,good,1.298888908685142,-0.47159215112174224
eng_comprehension_pruned,goose,2.317832196276148,-3.9149684507207043
eng_comprehension_pruned,grandma*,0.34682463883536585,-0.2459762847709382
eng_comprehension_pruned,grandpa*,0.5117612442971687,-0.618105553030026
eng_comprehension_pruned,grrr,0.5305844571288852,-1.7598785449600531
eng_comprehension_pruned,hair,1.6025063143884353,-0.29675307506179727
eng_comprehension_pruned,hammer,1.8809848146932182,-2.8859739825670596
eng_comprehension_pruned,hand,1.9564732447503317,-0.6524810132127995
eng_comprehension_pruned,happy,2.0414061324768795,-2.3421162693977946
eng_comprehension_pruned,hard,3.2269670049885377,-5.274524925378518
eng_comprehension_pruned,hat,1.0933406738551659,-0.7363133954541051
eng_comprehension_pruned,head,2.104361756638688,-1.205307933677937
eng_comprehension_pruned,hello,0.8571194281907715,-0.40738484434586464
eng_comprehension_pruned,help,2.7713944949664917,-2.7498387160616393
eng_comprehension_pruned,her,2.328510084735465,-4.081309584425144
eng_comprehension_pruned,hi,0.055394240299035245,-0.6748768229406323
eng_comprehension_pruned,high chair,1.7861403264394293,-0.1386468095530358
eng_comprehension_pruned,his,2.4639169504605736,-4.41331042313994
eng_comprehension_pruned,hit,2.015690096274558,-1.2732042230523162
eng_comprehension_pruned,home,1.779646002430703,-0.9286852658403376
eng_comprehension_pruned,horse,1.9131777260124339,-1.5397365883307446
eng_comprehension_pruned,hot,0.9737721220120547,-0.9851543027981621
eng_comprehension_pruned,house,2.7773187356462956,-2.417355021311641
eng_comprehension_pruned,how,1.8287195391723845,-4.139819332074915
eng_comprehension_pruned,hug,1.4941031409698986,0.6476522870083241
eng_comprehension_pruned,hungry,1.8612520205158027,-0.4538815689328323
eng_comprehension_pruned,hurry,2.218095213278889,-3.1373670084420295
eng_comprehension_pruned,hurt,2.636830273526431,-2.878521338142498
eng_comprehension_pruned,I,2.1208666125128857,-3.44390435156486
eng_comprehension_pruned,ice cream,1.5789452231275025,-1.7026802137425237
eng_comprehension_pruned,in,2.155628468614816,-1.1236028189078027
eng_comprehension_pruned,inside,2.449215085342381,-2.067912146309004
eng_comprehension_pruned,it,2.1618911218153323,-3.238345410616382
eng_comprehension_pruned,jacket,1.7448214823358335,-1.7844658453775202
eng_comprehension_pruned,jeans,2.627765035848475,-4.635500397846404
eng_comprehension_pruned,juice,0.48748769282471366,-0.21847339114110312
eng_comprehension_pruned,jump,1.7156789328896418,-2.0678759453490216
eng_comprehension_pruned,keys,1.0350581867197517,-0.14302005783057314
eng_comprehension_pruned,kick,1.77337869492247,-1.8580218183481378
eng_comprehension_pruned,kiss,0.9498552749605131,1.1262699957304927
eng_comprehension_pruned,kitchen,2.931067717592277,-1.2218754272174643
eng_comprehension_pruned,kitty,0.5187399784854954,-0.46828317168686145
eng_comprehension_pruned,knee,2.2582080236704596,-3.333768250574401
eng_comprehension_pruned,lady,2.418055409900048,-3.908221085491652
eng_comprehension_pruned,lamb,1.8677239019604102,-2.4264214100266104
eng_comprehension_pruned,later,1.9454141965119844,-3.6051133678666876
eng_comprehension_pruned,leg,3.106890868861542,-2.620414547975473
eng_comprehension_pruned,light,1.5415612620008667,-1.1599571869509957
eng_comprehension_pruned,lion,1.89089394398421,-2.301316146040731
eng_comprehension_pruned,little (description),3.2376969228354895,-4.3603781192222435
eng_comprehension_pruned,look,1.5182793257066338,0.32527908039046327
eng_comprehension_pruned,love,1.5723750528133535,-1.0218815941032198
eng_comprehension_pruned,lunch,2.142598504177982,-0.730740972874034
eng_comprehension_pruned,man,2.393166718634163,-3.7584414403833315
eng_comprehension_pruned,me,1.7556926013226466,-2.420837237108071
eng_comprehension_pruned,meat,2.16886186667044,-3.239526444410251
eng_comprehension_pruned,medicine,1.5454243307746662,-1.5860888466484322
eng_comprehension_pruned,meow,0.482684866588794,-0.7379154192100513
eng_comprehension_pruned,milk,0.6815703373136712,-0.047902492961994864
eng_comprehension_pruned,mine,1.3455295030537968,-2.0984444334350303
eng_comprehension_pruned,mommy*,-0.4569761974299883,-0.8868905891609046
eng_comprehension_pruned,money,2.0248992807567774,-3.2084066435467147
eng_comprehension_pruned,monkey,1.8191153583753417,-1.9812648894715397
eng_comprehension_pruned,moo,0.706092236957241,-1.4438372937396229
eng_comprehension_pruned,moon,1.4186752754137648,-2.3204329463194613
eng_comprehension_pruned,more,0.9686777914769458,-0.6007839467816793
eng_comprehension_pruned,morning,1.9408655036142786,-3.33004053581331
eng_comprehension_pruned,motorcycle,1.8285361479673727,-3.058116527421858
eng_comprehension_pruned,mouse,2.133362950691363,-2.7916877618732996
eng_comprehension_pruned,mouth,1.5768734826402857,-0.0325793123011629
eng_comprehension_pruned,my,1.9555127221930362,-3.272178195916841
eng_comprehension_pruned,nap,1.6244847538799505,0.10983015928499656
eng_comprehension_pruned,naughty,1.2681503643294039,-2.9556118904884245
eng_comprehension_pruned,necklace,2.0073543813589247,-2.866616188954639
eng_comprehension_pruned,nice,1.3793619253467997,-1.692658175899123
eng_comprehension_pruned,night,1.856486780319559,-2.5106718700174353
eng_comprehension_pruned,night night,0.35493814919172734,0.07325660244431137
eng_comprehension_pruned,no,-0.2821476001262791,0.1349153395794993
eng_comprehension_pruned,none,1.9097244641237756,-3.392886060677645
eng_comprehension_pruned,noodles,2.0213682087967797,-2.394609452020835
eng_comprehension_pruned,nose,0.75679231634831,-0.0191880110251609
eng_comprehension_pruned,not,2.2450618892866325,-3.6954911454960997
eng_comprehension_pruned,now,2.206825242120935,-3.2679867688487594
eng_comprehension_pruned,off,1.8777033843138842,-1.1058469688334225
eng_comprehension_pruned,old,2.3879016680679217,-5.91850198081207
eng_comprehension_pruned,on,2.1759089667209106,-1.3729585821776318
eng_comprehension_pruned,open,2.1470645768564287,-0.5769098091321186
eng_comprehension_pruned,orange (food),2.2620336208312475,-2.708370736320378
eng_comprehension_pruned,other,2.076042335555118,-3.884614982592702
eng_comprehension_pruned,ouch,0.6595245158364833,-0.9458804373972827
eng_comprehension_pruned,out,1.7796791796537939,-1.3792935533471407
eng_comprehension_pruned,outside,1.069959345185502,0.3334262999865965
eng_comprehension_pruned,oven,2.4490750441126976,-2.8988897074218998
eng_comprehension_pruned,owie/boo boo,0.970258910417192,-1.5866349237216728
eng_comprehension_pruned,owl,1.8846703528817055,-3.032767179840384
eng_comprehension_pruned,pajamas,2.442048725180302,-1.0646841417251687
eng_comprehension_pruned,pants,2.809412701818706,-1.9058755474616489
eng_comprehension_pruned,paper,2.5167408593657767,-2.1602390999313736
eng_comprehension_pruned,park,1.7823992771737074,-2.045139490935508
eng_comprehension_pruned,party,1.9917334682377814,-4.331774547187699
eng_comprehension_pruned,pattycake,0.5826842104655018,0.45007801900528227
eng_comprehension_pruned,peas,1.8946749195608918,-2.212085153364668
eng_comprehension_pruned,peekaboo,0.14528472424419828,0.8912351441164194
eng_comprehension_pruned,pen,1.923511428253775,-1.9521338100827585
eng_comprehension_pruned,penguin,1.9457889007270326,-3.6518459574156257
eng_comprehension_pruned,penny,2.0404814821685084,-3.9547130850795518
eng_comprehension_pruned,people,2.4204902101428702,-3.4903459904441143
eng_comprehension_pruned,person,2.169122957172648,-4.262962370223473
eng_comprehension_pruned,picture,2.7891803585710804,-2.1610785767749765
eng_comprehension_pruned,pig,1.6940364240042987,-1.2837495664001914
eng_comprehension_pruned,pillow,2.149109265713209,-1.5188816430588925
eng_comprehension_pruned,pizza,2.090143342022805,-2.6192038380319778
eng_comprehension_pruned,plant,2.3352099917716154,-2.3429638151886154
eng_comprehension_pruned,plate,3.2009702758345786,-2.883259833304335
eng_comprehension_pruned,play,2.6185333222084477,-1.279516069117532
eng_comprehension_pruned,play pen,1.0566367485984145,-2.1388232639332805
eng_comprehension_pruned,please,1.4362563647501956,-1.7318146081072348
eng_comprehension_pruned,pony,2.1816872126830376,-3.5000403841570806
eng_comprehension_pruned,pool,1.211312239011848,-1.759755027382012
eng_comprehension_pruned,potty,1.9483405653421462,-2.3526976689119596
eng_comprehension_pruned,pretty,1.3653333227876487,-1.9469068642978888
eng_comprehension_pruned,pull,2.2961330872588235,-2.4423926906152937
eng_comprehension_pruned,puppy,1.088638346817135,-0.8140675197071772
eng_comprehension_pruned,purse,2.088591170878183,-1.9015023233283044
eng_comprehension_pruned,push,2.006259970703851,-1.5452595879125623
eng_comprehension_pruned,quack quack,0.7869053354543974,-1.0990559453979925
eng_comprehension_pruned,radio,2.276163632392422,-2.811080324092872
eng_comprehension_pruned,rain,2.3881817851711706,-2.9461249597737758
eng_comprehension_pruned,raisin,1.692822637696573,-2.331734199826033
eng_comprehension_pruned,read,1.9114074600435094,-0.7249192795528325
eng_comprehension_pruned,red,1.9504971091107282,-4.361068819798872
eng_comprehension_pruned,refrigerator,2.7868204939209456,-1.481104244497518
eng_comprehension_pruned,ride,2.8631080809137517,-1.7990176290036957
eng_comprehension_pruned,rock,2.0553714387559734,-2.462454834318612
eng_comprehension_pruned,rocking chair,1.8524506749532252,-2.0500386601994105
eng_comprehension_pruned,run,2.8053785737986257,-2.6021711040921582
eng_comprehension_pruned,same,2.4421598725843574,-5.344407408660086
eng_comprehension_pruned,say,1.8488921810157974,-1.5325320208139417
eng_comprehension_pruned,scared,2.4668429669199674,-4.604879986942258
eng_comprehension_pruned,school,1.2812289830889914,-2.696802886685445
eng_comprehension_pruned,scissors,2.4112812671649424,-3.994677979978858
eng_comprehension_pruned,see,1.8593082038880921,-1.170527845589655
eng_comprehension_pruned,sheep,2.038979329584974,-2.42521290008676
eng_comprehension_pruned,shh/shush/hush,0.7146879003529281,-0.6779863016835481
eng_comprehension_pruned,shirt,2.4898805817461467,-1.4355056377600035
eng_comprehension_pruned,shoe,0.6514826645750624,-0.006844562715509339
eng_comprehension_pruned,shorts,2.6518025166837247,-3.355066939745644
eng_comprehension_pruned,shovel,2.031968644236289,-3.276637121764064
eng_comprehension_pruned,show,2.5388463267794728,-1.584735292318688
eng_comprehension_pruned,sick,2.346866675943218,-4.207445737652365
eng_comprehension_pruned,sing,1.7894608087820931,-1.3048378778686662
eng_comprehension_pruned,sink,3.0170289726067048,-3.5746141502473323
eng_comprehension_pruned,sister,0.1499648050492344,-1.636690604246809
eng_comprehension_pruned,sky,2.2645424152532074,-2.850980361901043
eng_comprehension_pruned,sleep,2.2840957220919145,-0.7651021331515615
eng_comprehension_pruned,sleepy,1.903098404203206,-0.8297194086749389
eng_comprehension_pruned,slide (object),1.9679608140781741,-1.5414554474370887
eng_comprehension_pruned,smile,1.697345868807184,-1.2957412784917213
eng_comprehension_pruned,snow,1.6289241075017389,-3.724992436066189
eng_comprehension_pruned,soap,2.732001832287702,-2.5175399491283272
eng_comprehension_pruned,sock,1.129363078022911,-0.2100931904542439
eng_comprehension_pruned,soft,2.3251227631994604,-2.409584863730126
eng_comprehension_pruned,some,2.2540542406990225,-3.0308433610818466
eng_comprehension_pruned,spaghetti,2.120492889142575,-2.5104243585365738
eng_comprehension_pruned,splash,1.837121990904111,-0.641159891311618
eng_comprehension_pruned,spoon,1.6777053589786204,-0.46815579270397834
eng_comprehension_pruned,squirrel,1.8382599584664345,-3.0615130808756383
eng_comprehension_pruned,stairs,1.9185563724831267,-1.0324381753809388
eng_comprehension_pruned,star,2.1705235847795876,-3.4561468316444866
eng_comprehension_pruned,stop,1.4058918124260553,-0.30340245260955195
eng_comprehension_pruned,store,2.7665260755414685,-2.3707651561822716
eng_comprehension_pruned,stove,2.598774124487909,-3.405672023994192
eng_comprehension_pruned,stroller,1.8416348766207034,0.08311195538288733
eng_comprehension_pruned,sun,2.7898205816078985,-3.355126100358454
eng_comprehension_pruned,swim,1.3859887908325836,-2.2827940674381186
eng_comprehension_pruned,swing (action),1.6806822772770162,-1.1496892829998488
eng_comprehension_pruned,swing (object),1.3526837501227142,-0.7534256818468641
eng_comprehension_pruned,table,3.2510376084701273,-1.9430397486876014
eng_comprehension_pruned,take,2.879035581082637,-2.837210799858097
eng_comprehension_pruned,teacher,1.3160185303485932,-3.802711851649176
eng_comprehension_pruned,teddybear,1.2166834798180326,-0.4648382616618172
eng_comprehension_pruned,telephone,1.4146850396233193,0.36632416494744396
eng_comprehension_pruned,thank you,0.8627348940843972,-0.8149897204691882
eng_comprehension_pruned,that,1.4915830934448884,-2.585703621463279
eng_comprehension_pruned,there,1.7650910635809927,-1.8499092777294932
eng_comprehension_pruned,thirsty,2.0300238573930582,-1.2120771008671118
eng_comprehension_pruned,this,1.9162717083424579,-2.9559817971661912
eng_comprehension_pruned,throw,1.7625060364864396,-0.07563926641195065
eng_comprehension_pruned,tickle,1.4981100947119532,-0.6984821735560202
eng_comprehension_pruned,tiger,1.9131403767346349,-2.731781194972811
eng_comprehension_pruned,tired,2.1254169314299314,-1.3175198849123322
eng_comprehension_pruned,toast,1.7283812513153234,-2.0223058058692835
eng_comprehension_pruned,today,2.3823535002593,-5.383484863345095
eng_comprehension_pruned,toe,1.542482919952234,-0.9153266522206092
eng_comprehension_pruned,tomorrow,2.0654254270347954,-5.366614313359157
eng_comprehension_pruned,tongue,1.8073600918400097,-1.4096111893682406
eng_comprehension_pruned,tonight,1.8242042461555814,-4.69173854130614
eng_comprehension_pruned,tooth,1.8357413359627182,-1.177900990438182
eng_comprehension_pruned,toothbrush,1.6531732335849554,-0.3189859880168881
eng_comprehension_pruned,touch,2.6408419284285403,-1.627768656419468
eng_comprehension_pruned,towel,3.270947890254765,-2.52948267362318
eng_comprehension_pruned,toy (object),1.4731330545977641,-0.14526404331030224
eng_comprehension_pruned,train,1.8291961022018448,-1.7797873985001602
eng_comprehension_pruned,trash,2.189868142989065,-1.825053297390579
eng_comprehension_pruned,tree,1.9599575816871617,-1.7083206708248406
eng_comprehension_pruned,truck,1.1387891377080603,-1.056257415147078
eng_comprehension_pruned,tummy,1.698481118226352,-0.42313053352288427
eng_comprehension_pruned,turkey,2.5080281439442484,-4.410521176690008
eng_comprehension_pruned,turtle,2.0319082597218103,-3.0676020600469793
eng_comprehension_pruned,TV,1.9622014893803779,-0.2778189423923402
eng_comprehension_pruned,uh oh,0.1918673167239622,-1.1272589075005106
eng_comprehension_pruned,uncle,1.2501178913906323,-2.2733976125293247
eng_comprehension_pruned,under,2.66943071922723,-2.514407921754191
eng_comprehension_pruned,up,1.0465351959456306,-0.85442223778002
eng_comprehension_pruned,vacuum,2.000501883291252,-1.1984573129767335
eng_comprehension_pruned,vroom,0.6726378220793047,-1.8487986545807598
eng_comprehension_pruned,wait,2.0381902352152816,-1.3912849684643422
eng_comprehension_pruned,walk,1.989650773871187,-0.41403918722736033
eng_comprehension_pruned,wanna/want to,1.979676121716728,-1.444477349587698
eng_comprehension_pruned,wash,2.7280838593567522,-1.3340453932725993
eng_comprehension_pruned,watch (action),2.4173379007905584,-2.375222182104635
eng_comprehension_pruned,watch (object),2.1987189955983513,-2.3244691300542084
eng_comprehension_pruned,water (beverage),1.1497255078281547,-0.5596228684455866
eng_comprehension_pruned,water (not beverage),1.724251937012356,-0.7928075892834058
eng_comprehension_pruned,wet,2.2999998851074475,-1.8346812695227184
eng_comprehension_pruned,what,1.7203128921153992,-1.890894813415726
eng_comprehension_pruned,when,2.1908774406295075,-5.545691848829204
eng_comprehension_pruned,where,1.380359295635576,-0.6416026130722973
eng_comprehension_pruned,who,1.8408054977608777,-2.109589005861601
eng_comprehension_pruned,why,1.9988489707288482,-4.8594034732527955
eng_comprehension_pruned,window,2.6850339807259873,-1.5147393752383715
eng_comprehension_pruned,wipe,2.302351582390715,-1.6657396478793354
eng_comprehension_pruned,woof woof,0.3824130240439158,-1.0412320001288744
eng_comprehension_pruned,work (place),2.0625214147850954,-2.9118042298916107
eng_comprehension_pruned,write,2.0447179125782187,-3.2618886561110494
eng_comprehension_pruned,yes,0.8176448225005014,-0.17606232723879328
eng_comprehension_pruned,you,2.0199484154830727,-1.8534632428828999
eng_comprehension_pruned,your,2.123176944291816,-2.5532215760901757
eng_comprehension_pruned,yucky,1.0081775532889004,-0.763474295125008
eng_comprehension_pruned,yum yum,0.34924037417375187,-1.127425837875566
eng_comprehension_pruned,zipper,2.1501004544609756,-2.8215059915412017
eng_production_pruned,a,2.2494808963143855,-2.3309314863414032
eng_production_pruned,a lot,3.2801674573105224,-4.417342513942884
eng_production_pruned,about,3.1281945650099705,-6.165747249144818
eng_production_pruned,above,2.769745904269918,-5.343715055298188
eng_production_pruned,after,3.876242623081901,-5.371182496028062
eng_production_pruned,airplane,2.9670220187658485,0.4786380571678102
eng_production_pruned,all,2.403242653254832,-2.2326333028628875
eng_production_pruned,all gone,2.142228793970155,0.7628680254550714
eng_production_pruned,alligator,3.219738922376356,-2.4112494634597677
eng_production_pruned,am,3.032828642031018,-4.1627556608452325
eng_production_pruned,an,2.7158406553429235,-5.88787390885232
eng_production_pruned,and,3.25166912265031,-3.4773108753263493
eng_production_pruned,animal,3.058970510027988,-1.7471830936026327
eng_production_pruned,ankle,2.7176398525375776,-3.8963421855202713
eng_production_pruned,another,2.9649181554757145,-3.6019568539319486
eng_production_pruned,ant,2.5327620288018706,-1.632156425227337
eng_production_pruned,any,3.5220088088484176,-5.17460045954364
eng_production_pruned,apple,3.2185460572919125,1.5498750968549697
eng_production_pruned,applesauce,2.5885264133265897,-1.8737882963344052
eng_production_pruned,are,3.2888563905899324,-4.835595143078195
eng_production_pruned,arm,4.383846745489249,-0.7319501983660845
eng_production_pruned,around,3.023836386088016,-4.393800808994736
eng_production_pruned,asleep,3.291986682143565,-2.117417904002488
eng_production_pruned,at,2.7780443678480875,-3.507584612336258
eng_production_pruned,aunt,2.2111857623119255,-1.7524263697710474
eng_production_pruned,awake,3.8000067355323455,-3.2575901754505434
eng_production_pruned,away,2.9769278334072458,-3.0534937136057545
eng_production_pruned,baa baa,1.1740917853279216,0.9037727753787208
eng_production_pruned,baby,2.4346908502720246,2.333374787154408
eng_production_pruned,babysitter,2.4073973119340293,-4.3083453469383874
eng_production_pruned,babysitter's name,1.2940833626419497,-0.8369684512872405
eng_production_pruned,back,2.6840815039920947,-2.3099231582881083
eng_production_pruned,backyard,2.8189028113830354,-2.8359832988180944
eng_production_pruned,bad,2.1534107915877643,-1.4805373484402422
eng_production_pruned,ball,3.0800093677796556,4.472978557305584
eng_production_pruned,balloon,2.5618781612609784,1.7778039592314352
eng_production_pruned,banana,2.2615886038815236,1.8886472014636857
eng_production_pruned,basement,1.7323709617573058,-3.569641153535916
eng_production_pruned,basket,3.6681411001904323,-2.654334289732015
eng_production_pruned,bat,2.07986856966245,-1.7141660084983
eng_production_pruned,bath,2.80355892653153,1.4548604066963309
eng_production_pruned,bathroom,4.307167552044615,-1.9168764973087187
eng_production_pruned,bathtub,2.7897075022832536,-0.4542654196198151
eng_production_pruned,be,2.5621581354120546,-4.100690845218219
eng_production_pruned,beach,2.340307992219263,-2.2534635176962796
eng_production_pruned,beads,1.8514212382341673,-2.4156683430309407
eng_production_pruned,beans,2.4568797402971234,-1.4695368329549066
eng_production_pruned,bear,2.4824619460377395,0.8153833235932447
eng_production_pruned,because,2.6293774519866826,-4.295880094386047
eng_production_pruned,bed,4.338241173421274,0.14237671097978818
eng_production_pruned,bedroom,4.137137426300348,-3.025425390275531
eng_production_pruned,bee,2.5319974277534327,-0.08380349102335745
eng_production_pruned,before,3.841613922406348,-6.693407083062459
eng_production_pruned,behind,3.6957875291913305,-4.911898169921131
eng_production_pruned,belly button,2.6752597544169188,0.22434818333614392
eng_production_pruned,belt,2.6153151490379702,-2.2192279096036738
eng_production_pruned,bench,3.5851496246020025,-5.4351783368727915
eng_production_pruned,beside,2.7834654104769068,-5.563589115849546
eng_production_pruned,better,3.429380734939043,-3.4838146531230403
eng_production_pruned,bib,2.1901713695652183,-0.9160487838348965
eng_production_pruned,bicycle,3.0162083070962233,-0.35938275972141065
eng_production_pruned,big,3.835278667224861,-0.9904837274718568
eng_production_pruned,bird,2.505219109128738,1.7841654027995058
eng_production_pruned,bite,2.820361615058386,-0.5383371255880398
eng_production_pruned,black,2.970403398226801,-2.5505880507651915
eng_production_pruned,blanket,3.2610547109740318,0.28640990284863066
eng_production_pruned,block,2.6078258522595172,-0.15932314585230067
eng_production_pruned,blow,3.1739608652794904,-1.591890498963246
eng_production_pruned,blue,2.662170417318334,-0.9437040224587672
eng_production_pruned,boat,2.8952233238546294,0.18868763167109048
eng_production_pruned,book,2.8834382573046287,2.5536696022033025
eng_production_pruned,boots,2.5754026288504837,-0.7291067938148709
eng_production_pruned,bottle,1.6304528218358485,0.8055646909091371
eng_production_pruned,bowl,3.2350933007080362,-0.8792485672580443
eng_production_pruned,box,3.2957884756478255,-0.7085519330482535
eng_production_pruned,boy,2.9480406222891076,-1.1554424110202697
eng_production_pruned,bread,3.330855313274363,-0.35050202739140945
eng_production_pruned,break,3.978509289846005,-2.6055926362968598
eng_production_pruned,breakfast,3.525740612761334,-1.8915227207539802
eng_production_pruned,bring,3.6629116467841176,-3.516172391390601
eng_production_pruned,broken,3.7938557895293603,-1.6956779691207502
eng_production_pruned,broom,2.721630325535836,-1.2714618652980638
eng_production_pruned,brother,1.3486854232007344,-1.4713073150618239
eng_production_pruned,brown,2.8538085982878423,-2.8424970543165484
eng_production_pruned,brush,3.127706104030975,-0.4415246820817443
eng_production_pruned,bubbles,2.6115842614760583,1.3051558978340032
eng_production_pruned,bucket,3.3144414201345294,-2.755754444756285
eng_production_pruned,bug,2.7392728829368225,-0.22258288116094083
eng_production_pruned,build,4.109671559015018,-4.264399232642677
eng_production_pruned,bump,2.5530344556873907,-2.0455805158100326
eng_production_pruned,bunny,2.7449958286383094,0.23474732590124658
eng_production_pruned,bus,2.7749573862223706,-0.011195958105140832
eng_production_pruned,but,2.740826125264803,-5.202062348709819
eng_production_pruned,butter,3.1157417244985477,-1.8690353316124722
eng_production_pruned,butterfly,3.202285157725177,-1.1548106044526445
eng_production_pruned,buttocks/bottom*,3.0620585930606987,-0.6308438607183682
eng_production_pruned,button,2.689167743638461,-0.4930119836322086
eng_production_pruned,buy,3.302211110813892,-3.619802975796772
eng_production_pruned,by,2.6084382153796373,-3.5464373330747176
eng_production_pruned,bye,1.9993437256177211,3.127530302868595
eng_production_pruned,cake,3.5306483225618384,-0.7182813485927411
eng_production_pruned,call (on phone),2.348257749111012,-1.067599217251607
eng_production_pruned,camera,3.824198668475231,-2.9275444119190914
eng_production_pruned,camping,2.236517449991794,-4.217092057132235
eng_production_pruned,can (auxiliary),3.513635209960014,-3.868721442090584
eng_production_pruned,can (object),3.044401889331416,-3.2019266120643484
eng_production_pruned,candy,2.6552850753697985,-0.7538424300271956
eng_production_pruned,car,3.0505052805178257,1.9223434478732466
eng_production_pruned,careful,3.821656954327652,-3.258060571797708
eng_production_pruned,carrots,3.919010509133896,-1.8680380733687363
eng_production_pruned,carry,4.088653134841908,-3.0976452075059115
eng_production_pruned,cat,2.0384485566630426,1.2685307556784833
eng_production_pruned,catch,3.703711395608946,-2.8056701530161776
eng_production_pruned,cereal,3.123086261406792,-0.5736216672810163
eng_production_pruned,chair,4.3838516167445505,0.10668619829805975
eng_production_pruned,chalk,2.4405112896573824,-2.517616117441102
eng_production_pruned,chase,3.1495337609481546,-3.634753508234457
eng_production_pruned,cheek,3.1799154513526457,-1.3253747631946107
eng_production_pruned,cheerios,1.96958483698838,-0.783903416379351
eng_production_pruned,cheese,2.8851743072535743,1.4513252558129692
eng_production_pruned,chicken (animal),3.210593824460736,-1.025442041837989
eng_production_pruned,chicken (food),3.454905690506954,-1.006285345164639
eng_production_pruned,child,2.6640455210164506,-4.529629132661957
eng_production_pruned,child's own name,2.3919073088257474,0.4897942463222683
eng_production_pruned,chin,3.1985345342136156,-1.5799560352201951
eng_production_pruned,chocolate,3.109502544293061,-2.1210594121483575
eng_production_pruned,choo choo,1.9957295129999735,0.5489169668108899
eng_production_pruned,church*,1.8198071701333083,-1.931182365557704
eng_production_pruned,circus,2.5441492073784744,-4.362759014966987
eng_production_pruned,clap,3.1077139586995632,-1.4177944606253534
eng_production_pruned,clean (action),4.214752896836485,-2.2807103913679696
eng_production_pruned,clean (description),4.32678398487787,-2.1408168242632515
eng_production_pruned,climb,4.524043365796469,-3.5372228497415
eng_production_pruned,clock,2.399432844394828,-0.728122789119655
eng_production_pruned,close,3.3726160737209985,-1.9210307602513292
eng_production_pruned,closet,4.7993173970479654,-4.140591111479971
eng_production_pruned,cloud,3.223350713525253,-2.3867052527879995
eng_production_pruned,clown,2.5411226993778384,-2.6556104827986062
eng_production_pruned,coat,2.6991938624842065,-0.8001917195692562
eng_production_pruned,cockadoodledoo,1.6581279551142913,-1.1167890042668944
eng_production_pruned,coffee,2.720757802940648,-1.8186531276601945
eng_production_pruned,coke,1.427963893759172,-1.947258383555274
eng_production_pruned,cold,3.4472378011560045,-0.11268583966920327
eng_production_pruned,comb,2.9178972900319513,-1.9010004246966428
eng_production_pruned,cook,3.5834203608948547,-2.4872215648044116
eng_production_pruned,cookie,2.9141112253318378,1.5619884791610905
eng_production_pruned,corn,3.4852640946834232,-1.783868211608315
eng_production_pruned,couch,3.7725173935366296,-2.2176546476338683
eng_production_pruned,could,3.159155362589959,-6.191158658152621
eng_production_pruned,country,3.1042946116903254,-6.913110306176148
eng_production_pruned,cover,4.1163656457622055,-4.7064034838211875
eng_production_pruned,cow,3.052185112614423,0.506054822527699
eng_production_pruned,cowboy,2.7416561787312,-4.427705861500457
eng_production_pruned,cracker,2.5333090458012544,0.8819722404395257
eng_production_pruned,crayon,3.5388943482305755,-1.2526132183720522
eng_production_pruned,crib,3.083443374467438,-2.415745904734055
eng_production_pruned,cry,4.080677181997217,-1.674425070261568
eng_production_pruned,cup,3.381161510063063,0.8284555462986459
eng_production_pruned,cut,3.9189422382353474,-3.6374147746325853
eng_production_pruned,cute,2.4896698957920256,-2.545784084263735
eng_production_pruned,dance,3.378876517456261,-1.3890299425290726
eng_production_pruned,dark,3.383120066373545,-2.7597614302279116
eng_production_pruned,day,3.0824649861171367,-3.7593942821364323
eng_production_pruned,deer,2.131344755447595,-1.9166746470524545
eng_production_pruned,diaper,3.0007947902367955,0.8947657600579866
eng_production_pruned,did/did ya,2.845537031470437,-3.4082842538527
eng_production_pruned,dinner,3.612897528359964,-2.0824463394185924
eng_production_pruned,dirty,3.3782120406799057,-0.7434113777106607
eng_production_pruned,dish,2.9824792341985087,-2.89886352998238
eng_production_pruned,do,2.518478606378202,-1.6030604840162657
eng_production_pruned,doctor,3.48166197811057,-2.1987147898085064
eng_production_pruned,does,3.325901134558057,-5.5014812329190805
eng_production_pruned,dog,1.929801341586444,2.4964819713711823
eng_production_pruned,doll,2.104069158830887,-0.2996980374717283
eng_production_pruned,don't,1.9452144734954822,-1.611570261689928
eng_production_pruned,donkey,2.0764915415187715,-2.5224231956794805
eng_production_pruned,donut,2.1565888507300714,-2.038065406324153
eng_production_pruned,door,3.362531232691395,0.517479103767052
eng_production_pruned,down,2.2156776074615987,0.4565700020757939
eng_production_pruned,downtown,2.248990063193382,-4.609426055177671
eng_production_pruned,draw,3.4845678696414297,-2.6806956348062863
eng_production_pruned,drawer,3.662416033252326,-3.8497057179728036
eng_production_pruned,dress (object),2.9561430680227736,-2.165864317934428
eng_production_pruned,drink (action),3.050389514234408,-0.15282818702199613
eng_production_pruned,drink (beverage),2.479295892007383,-0.02544507504757575
eng_production_pruned,drive,4.291234961842157,-2.931739349876461
eng_production_pruned,drop,4.414689253025162,-3.6480099170891127
eng_production_pruned,dry (action),4.197390927487242,-3.8239997073532574
eng_production_pruned,dry (description),3.893584174995372,-3.2886334939383377
eng_production_pruned,dryer,3.909823609000592,-4.438711628068059
eng_production_pruned,duck,2.2714745141879686,1.6610806527582695
eng_production_pruned,dump,2.804874800161707,-3.8912144394473915
eng_production_pruned,each,3.139917523106753,-6.77282542158818
eng_production_pruned,ear,3.6724202176396292,1.6939433474885923
eng_production_pruned,eat,3.4613566421777886,0.43556423522259025
eng_production_pruned,egg,3.1245894975423387,-0.5967557184954765
eng_production_pruned,elephant,3.4912124884299374,-1.0269834988463504
eng_production_pruned,empty,2.927308326568843,-2.636404725680416
eng_production_pruned,every,3.407782152700504,-6.119981532291289
eng_production_pruned,eye,3.3054302425085704,2.261810664085054
eng_production_pruned,face,3.91977289689666,-1.832621899498821
eng_production_pruned,fall,4.421115372509454,-1.889924449693042
eng_production_pruned,farm,2.9301678146034265,-3.394152801350037
eng_production_pruned,fast,4.13149339301807,-3.3676283421918973
eng_production_pruned,feed,4.35960417031062,-4.149569591639945
eng_production_pruned,find,5.135999540979977,-4.015622460643843
eng_production_pruned,fine,3.020075344662099,-4.65879509465455
eng_production_pruned,finger,4.311195250173767,-0.7345530615339132
eng_production_pruned,finish,3.1310139497139655,-3.6816633604440505
eng_production_pruned,fireman,3.447640520528226,-4.033475623405944
eng_production_pruned,firetruck,2.974640344794516,-1.7044742421102916
eng_production_pruned,first,3.741000881670638,-4.599224535153658
eng_production_pruned,fish (animal),2.841984765257326,1.09590690834099
eng_production_pruned,fish (food),2.287853651111276,-0.47811955176616117
eng_production_pruned,fit,4.204237323545938,-5.3048870597702615
eng_production_pruned,fix,4.221817492541267,-2.90046102498933
eng_production_pruned,flag,2.7058173164950707,-2.415152944538657
eng_production_pruned,flower,3.507405830037824,0.3494404667289859
eng_production_pruned,food,2.9079782437813537,-1.2112301482691252
eng_production_pruned,foot,3.8523369588046537,0.09978390444526455
eng_production_pruned,for,3.7554230060879545,-4.881035950199959
eng_production_pruned,fork,4.295357798141702,-0.8334143787997187
eng_production_pruned,french fries,2.750480044704976,-0.8969090879342855
eng_production_pruned,friend,3.4929174477263745,-3.351016776825982
eng_production_pruned,frog,3.4625466082883163,-0.6792882132955707
eng_production_pruned,full,3.9025643082237953,-3.927617639508863
eng_production_pruned,game,3.428089789585593,-2.977124914635142
eng_production_pruned,garage,3.306936023546936,-3.123110927502648
eng_production_pruned,garbage,2.4825273983935343,-2.1570494003793503
eng_production_pruned,garden,3.3263534773481815,-4.198334879089484
eng_production_pruned,gas station,3.3859546049790876,-4.336097493097293
eng_production_pruned,gentle,2.295530077560729,-2.5870265631296574
eng_production_pruned,get,3.3846731421854748,-1.7387925383063016
eng_production_pruned,giraffe,2.700205048599376,-1.50697558827708
eng_production_pruned,girl,2.7846712256151323,-1.3974738527442636
eng_production_pruned,give,3.8782581530606586,-3.1334882912157953
eng_production_pruned,give me five!,1.7318233757500636,-1.251616956718468
eng_production_pruned,glass,3.1936884355902757,-2.4727719914678827
eng_production_pruned,glasses,3.1945738751908244,-1.2037602204321387
eng_production_pruned,gloves,2.782868895498733,-2.8957810477528034
eng_production_pruned,glue,2.7629938995245475,-3.8744560744865626
eng_production_pruned,go,2.423110648782523,0.6039340680252713
eng_production_pruned,go potty,2.9171027319104526,-0.8463678920292494
eng_production_pruned,gonna get you!,2.441842395254356,-1.5194068333216917
eng_production_pruned,gonna/going to,3.0853975881766296,-3.4905619396971637
eng_production_pruned,good,2.630013424463276,-1.2500645183458803
eng_production_pruned,goose,2.196242119909758,-2.259994489340677
eng_production_pruned,gotta/got to,2.6525765106159307,-4.379834634402447
eng_production_pruned,grandma*,2.1097812818035084,1.2925900407411972
eng_production_pruned,grandpa*,1.8716321560883524,0.7452350893847608
eng_production_pruned,grapes,3.351581156209722,-0.6212331088556856
eng_production_pruned,grass,3.943660885610663,-1.6629392029996029
eng_production_pruned,green,2.888880054370827,-1.6934578785338554
eng_production_pruned,green beans,2.361985530168098,-2.5038924057679495
eng_production_pruned,grrr,1.0860864847805225,0.9764567061201456
eng_production_pruned,gum,1.7809174118985862,-1.9286301351439128
eng_production_pruned,hafta/have to,3.498151359732292,-4.872187127680556
eng_production_pruned,hair,4.087914617664325,0.9483082781716035
eng_production_pruned,hamburger,3.0274930822367954,-2.0293055700712648
eng_production_pruned,hammer,2.9489936382711184,-2.3926534097714076
eng_production_pruned,hand,4.493095021029251,-0.15968280921421554
eng_production_pruned,happy,2.8573429305064817,-1.5329711768259222
eng_production_pruned,hard,4.488940965662396,-4.9673699343302244
eng_production_pruned,hat,3.1485045852590114,1.3675807946596892
eng_production_pruned,hate,2.2857093101683748,-4.938926395203249
eng_production_pruned,have,4.580495701694918,-3.8477069050484833
eng_production_pruned,he,3.2602090470237823,-3.9209963006710202
eng_production_pruned,head,4.137345185149845,-0.42529022990940546
eng_production_pruned,hear,4.482965901355251,-4.3521462631033465
eng_production_pruned,heavy,4.218284275309833,-2.842036157816878
eng_production_pruned,helicopter,2.7281003103967896,-1.8623894168399466
eng_production_pruned,hello,1.4116527725127455,0.35386492108835643
eng_production_pruned,help,3.3553294882816544,-1.0714066238291164
eng_production_pruned,hen,2.1832343507643635,-3.272785346098655
eng_production_pruned,her,3.526540659198408,-5.015583252152464
eng_production_pruned,here,3.0140932282518405,-2.051701893726991
eng_production_pruned,hers,3.257692187389093,-5.496989330795543
eng_production_pruned,hi,1.448363088195723,1.8448608447714252
eng_production_pruned,hide,3.8676847976514646,-2.8963072848302507
eng_production_pruned,high,3.693572253276989,-3.4189457269828516
eng_production_pruned,high chair,2.6621686678323626,-2.031281051172512
eng_production_pruned,him,3.3649223294066837,-4.9696501598473235
eng_production_pruned,his,3.534996122375393,-5.421563305608696
eng_production_pruned,hit,3.8845370604149605,-2.351555424995271
eng_production_pruned,hold,4.236698659225826,-2.9570284180959474
eng_production_pruned,home,3.339472101199316,-0.4906704190664906
eng_production_pruned,horse,3.34073659850501,0.31601922723809844
eng_production_pruned,hose,2.8984460408953203,-2.9852655943218163
eng_production_pruned,hot,2.2317563304525776,1.3200119988227892
eng_production_pruned,house,3.3073706715574076,-1.0260242968673907
eng_production_pruned,how,2.8703287302085987,-4.315782864112149
eng_production_pruned,hug,3.548762787331729,-0.5582945130796908
eng_production_pruned,hungry,3.493313493029277,-1.9612376678022843
eng_production_pruned,hurry,3.3559810747550745,-3.517854896512741
eng_production_pruned,hurt,3.560248626777485,-2.171340720117447
eng_production_pruned,I,2.1065036567783877,-1.1100073260516803
eng_production_pruned,ice,2.473143377351627,-0.7340939374760918
eng_production_pruned,ice cream,3.6324735114676923,-0.6069946584593514
eng_production_pruned,if,3.1165534541511737,-6.53674716051265
eng_production_pruned,inside/in,3.063882586006861,-1.4904959852787825
eng_production_pruned,into,3.249922462685055,-5.745099123035744
eng_production_pruned,is,2.8980711092790155,-3.5010498577342855
eng_production_pruned,it,2.371001958745041,-2.0476383713479422
eng_production_pruned,jacket,2.8654518001814653,-1.3899134320843387
eng_production_pruned,jar,1.5195053388251567,-1.8446281470502306
eng_production_pruned,jeans,2.7905518615398592,-3.0934492227368047
eng_production_pruned,jello,2.180771732160602,-2.6328247184790192
eng_production_pruned,jelly,3.1258992919346547,-2.8841314537585436
eng_production_pruned,juice,2.41420075321358,1.5080450415196536
eng_production_pruned,jump,3.868843519976704,-1.4045398436009493
eng_production_pruned,keys,1.7295923872412906,0.0763074716976851
eng_production_pruned,kick,3.3493774003463,-1.9327771520141546
eng_production_pruned,kiss,3.4166518080255868,-0.16922690757793646
eng_production_pruned,kitchen,4.928163411693446,-2.5414461873943806
eng_production_pruned,kitty,1.7222766192528212,1.0442229814777038
eng_production_pruned,knee,3.055320267976288,-0.8514613269009546
eng_production_pruned,knife,3.983047609340189,-2.8247762253786712
eng_production_pruned,knock,2.9192041568877096,-2.288226445539511
eng_production_pruned,ladder,3.4086187274692064,-3.54793526661322
eng_production_pruned,lady,2.725332006178866,-3.075349476771386
eng_production_pruned,lamb,2.538248646088025,-2.490116518227422
eng_production_pruned,lamp,2.9397740443979625,-3.2792626647108696
eng_production_pruned,last,4.0527694903457485,-6.694191149740218
eng_production_pruned,later,3.1310200094068006,-3.517469229888804
eng_production_pruned,lawn mower,2.3387026850701154,-2.285683689382828
eng_production_pruned,leg,4.857805452155622,-1.6928680818022472
eng_production_pruned,lemme/let me,2.5761423630847093,-2.445387820380742
eng_production_pruned,lick,3.846105995102775,-4.1743852734718985
eng_production_pruned,light,2.7196008791567534,0.3788489868641745
eng_production_pruned,like,4.560251923266673,-3.762452222103983
eng_production_pruned,lion,3.3130212982635387,-1.1176825027487567
eng_production_pruned,lips,3.38246879765785,-2.4607157272098306
eng_production_pruned,listen,3.69391281625062,-4.2354819880596315
eng_production_pruned,little (description),4.648232662998252,-3.4359468343390973
eng_production_pruned,living room,3.8051365709835676,-4.112307506175142
eng_production_pruned,lollipop,1.9992517097128804,-2.210204644754716
eng_production_pruned,long,4.539229432410979,-6.444261370825868
eng_production_pruned,look,2.9870001584025325,-1.4919760209915989
eng_production_pruned,loud,3.8482291864101894,-3.535794854030747
eng_production_pruned,love,2.7029559843203597,-0.9311280459380461
eng_production_pruned,lunch,3.773926674747442,-2.158737959909433
eng_production_pruned,mad,3.201824655064986,-3.87575171870461
eng_production_pruned,mailman,2.8382362917795696,-3.5705006911380655
eng_production_pruned,make,4.995256584019471,-4.790023200478215
eng_production_pruned,man,2.783267493975837,-2.037448500086587
eng_production_pruned,me,2.01154645388552,-0.3665708120720601
eng_production_pruned,meat,2.4496461280640878,-2.0402531504977257
eng_production_pruned,medicine,3.550504812351886,-1.975182531037125
eng_production_pruned,melon,2.3341313918476003,-2.64883750079532
eng_production_pruned,meow,2.012355876361225,1.6173369164373352
eng_production_pruned,milk,2.8406682274515695,1.4081561242354463
eng_production_pruned,mine,2.0411030772158822,0.3172212732654138
eng_production_pruned,mittens,2.3653567696670694,-2.6215243155343795
eng_production_pruned,mommy*,1.8432115647298546,4.130655361372926
eng_production_pruned,money,3.038156973286817,-1.267916620942356
eng_production_pruned,monkey,3.5889993157315114,-0.32766205561135764
eng_production_pruned,moo,1.8679491137993751,1.7044020308527608
eng_production_pruned,moon,2.4309601031708237,0.0890519769454942
eng_production_pruned,moose,1.9408134519264175,-2.6322322759545957
eng_production_pruned,mop,2.4236067848337646,-3.296932299215206
eng_production_pruned,more,2.000603487730464,0.4295949902659949
eng_production_pruned,morning,3.2310111498404943,-3.1402312617178447
eng_production_pruned,motorcycle,2.8472711508802075,-2.122168303970781
eng_production_pruned,mouse,3.280636714407811,-1.1288971072203264
eng_production_pruned,mouth,3.6220843770830724,0.45231934747929353
eng_production_pruned,movie,2.605706354862344,-2.7465144231481955
eng_production_pruned,much,3.0947361380757967,-5.038490706505999
eng_production_pruned,muffin,2.887989397009362,-2.5036362335616023
eng_production_pruned,my,2.186664682698151,-1.3797001769822221
eng_production_pruned,myself,2.7964403453749216,-4.484345529328798
eng_production_pruned,nail,3.038285306406118,-3.6026701925282287
eng_production_pruned,nap,3.781714782274097,-1.0460739889655835
eng_production_pruned,napkin,3.5567750880926488,-2.266091657286224
eng_production_pruned,naughty,1.8514425795688354,-3.488455170770438
eng_production_pruned,necklace,3.018234779662513,-2.2939211791885654
eng_production_pruned,need/need to,3.096505704735977,-3.6448237223800986
eng_production_pruned,new,3.94204314694444,-4.591269881190479
eng_production_pruned,next to,3.7058624101097677,-5.932284904852474
eng_production_pruned,nice,2.431486021887105,-1.7112240144810544
eng_production_pruned,night,2.588123717378131,-1.5358841934871788
eng_production_pruned,night night,2.0307915864802744,1.2396978680288708
eng_production_pruned,no,2.095417131147985,2.566989817196639
eng_production_pruned,noisy,3.109316873545517,-3.7256057774336493
eng_production_pruned,none,2.3655831679228885,-3.847681553065221
eng_production_pruned,noodles,2.748429099030768,-1.332092098119851
eng_production_pruned,nose,3.4135396120895405,2.184098720429399
eng_production_pruned,not,3.0163774789678945,-3.4326078743890833
eng_production_pruned,now,2.793180964345009,-2.205620316980397
eng_production_pruned,nurse,2.951840744352907,-5.203067235502948
eng_production_pruned,nuts,2.769020949300392,-2.938146868146779
eng_production_pruned,of,3.302585558032253,-5.8671342255058425
eng_production_pruned,off,2.80207765888034,-0.3222801702536601
eng_production_pruned,old,3.5901909911262004,-4.932384813459674
eng_production_pruned,on,2.9238385883940423,-0.4454293419685096
eng_production_pruned,on top of,3.51912548195134,-4.66827273807619
eng_production_pruned,open,3.5635681563268355,-0.5526357657187921
eng_production_pruned,orange (description),2.8130497937385566,-1.6162653938957214
eng_production_pruned,orange (food),3.5711438691312463,-1.0952210643866036
eng_production_pruned,other,3.086630594117974,-4.052844282499246
eng_production_pruned,ouch,1.7199098282173628,1.0570862867693722
eng_production_pruned,our,3.3533557285009143,-5.781169172020005
eng_production_pruned,out,2.2402082375295795,-0.37456345624136855
eng_production_pruned,outside,2.604637994277043,0.43573488585641984
eng_production_pruned,oven,3.6882215545690475,-3.508045482240866
eng_production_pruned,over,3.5995357534640338,-3.800842480645813
eng_production_pruned,owie/boo boo,2.027038818106737,0.60974434893089835
eng_production_pruned,owl,2.218442576600532,-0.9873699100868765
eng_production_pruned,paint,3.5356997684135956,-3.1419380257170113
eng_production_pruned,pajamas,3.8187908052769113,-1.4976140851219464
eng_production_pruned,pancake,3.049550407715372,-1.700528351154706
eng_production_pruned,pants,4.244813732944389,-0.9538075183655886
eng_production_pruned,paper,4.184844800752175,-1.2148544889421435
eng_production_pruned,park,2.9804177748419898,-1.1358489400736589
eng_production_pruned,party,3.974580018450937,-3.395707744568692
eng_production_pruned,pattycake,1.938886158897663,-1.3953960783753125
eng_production_pruned,peanut butter,3.0606239171803864,-1.8866486781468537
eng_production_pruned,peas,2.256443802110643,-1.2514215401103952
eng_production_pruned,peekaboo,2.01639576477824,0.6527344389575844
eng_production_pruned,pen,2.7823802160787356,-1.3397408400886253
eng_production_pruned,pencil,3.2238075101794617,-2.311591868554929
eng_production_pruned,penguin,2.654470390223514,-2.5959191501883727
eng_production_pruned,penis*,1.2985085288956113,-1.3539320183201322
eng_production_pruned,penny,2.574682630917885,-2.5664326112232656
eng_production_pruned,people,3.1507033364246624,-3.11084514136158
eng_production_pruned,person,3.0814457165860984,-5.5097411162808
eng_production_pruned,pet's name,1.1008809782600946,-0.04616383749830947
eng_production_pruned,pick,4.217346521400498,-4.932280680125047
eng_production_pruned,pickle,2.3681292739605664,-2.0653747812772627
eng_production_pruned,picnic,3.4129572102473964,-4.321919763133444
eng_production_pruned,picture,4.4989671231507735,-2.3362409859435482
eng_production_pruned,pig,3.5409334097373555,0.09841642987019063
eng_production_pruned,pillow,4.086700896493307,-0.9619118904075732
eng_production_pruned,pizza,3.495335006414769,-0.3811883644024293
eng_production_pruned,plant,3.1122075477358053,-2.8043460583641346
eng_production_pruned,plate,4.184163913963431,-2.16332095813163
eng_production_pruned,play,4.1896133370284465,-1.3227120585056873
eng_production_pruned,play dough,2.44089251402891,-2.443933124598724
eng_production_pruned,play pen,2.222426009584553,-4.231077318228546
eng_production_pruned,playground,2.814628192224875,-3.158849776323241
eng_production_pruned,please,2.850823967471267,1.0297263047456333
eng_production_pruned,police,2.969593884375205,-3.9164181337099007
eng_production_pruned,pony,2.2425336068834993,-2.571330817490718
eng_production_pruned,pool,2.538399476743855,-1.1042622405815345
eng_production_pruned,poor,2.7728022297732347,-5.430218004894059
eng_production_pruned,popcorn,2.521373982525098,-1.2831337151596562
eng_production_pruned,popsicle,2.294632490163448,-1.8127484236792513
eng_production_pruned,porch,2.7950349246918527,-4.1176329040448065
eng_production_pruned,potato,2.895259958196288,-2.0737497964030447
eng_production_pruned,potato chip,2.603571147039433,-1.4877606041549718
eng_production_pruned,potty,3.1955803100258238,-0.18140858925553846
eng_production_pruned,pour,4.0340339929681175,-4.603102319839646
eng_production_pruned,present,4.219019946136912,-3.081526594571864
eng_production_pruned,pretend,3.7139001214428737,-5.678690151694615
eng_production_pruned,pretty,2.2493666567571413,-1.2161028335121893
eng_production_pruned,pretzel,2.48588209533502,-2.0749146545914816
eng_production_pruned,pudding,2.4006794867606907,-3.1758250699770625
eng_production_pruned,pull,3.4684011115793347,-2.9929293846690563
eng_production_pruned,pumpkin,2.9353523996555677,-2.2082536559215815
eng_production_pruned,puppy,2.246009398790126,0.09763446665400864
eng_production_pruned,purse,2.7210823003401865,-1.7540296581784576
eng_production_pruned,push,3.324251259595663,-2.0313219064413066
eng_production_pruned,put,3.915229573718628,-3.7718281519153085
eng_production_pruned,puzzle,3.6125170033998586,-2.0358975334208878
eng_production_pruned,quack quack,1.801466607700008,1.1013195023498554
eng_production_pruned,quiet,3.8937877843287265,-3.708926458553084
eng_production_pruned,radio,2.827296325663036,-3.0317119081124386
eng_production_pruned,rain,4.280895512944138,-0.9611723821671142
eng_production_pruned,raisin,2.860477231254327,-1.5247471242294306
eng_production_pruned,read,3.7113632739295594,-1.0144790857962798
eng_production_pruned,red,2.961305083457588,-1.5878525451304848
eng_production_pruned,refrigerator,3.741984370947753,-3.024137109122645
eng_production_pruned,ride,4.273603091947053,-2.3042544048243014
eng_production_pruned,rip,3.210634362600562,-5.03178709238144
eng_production_pruned,rock,3.161582594846416,-0.5509496422373008
eng_production_pruned,rocking chair,3.007575611582083,-2.642357985187416
eng_production_pruned,roof,3.7150410189798513,-4.8231786679492075
eng_production_pruned,room,4.1818813442419644,-2.6438716061764156
eng_production_pruned,rooster,2.6566732962371984,-3.010363738056176
eng_production_pruned,run,4.777318208877969,-2.2559670201482493
eng_production_pruned,sad,3.746889625111191,-3.393356262986526
eng_production_pruned,salt,2.843928570649289,-3.536169526660726
eng_production_pruned,same,3.20772429257726,-5.132376672971448
eng_production_pruned,sandbox,2.8325298569024615,-3.001085865805819
eng_production_pruned,sandwich,4.284559852871702,-2.6959769959906774
eng_production_pruned,sauce,2.724925588112195,-3.1120685592853357
eng_production_pruned,say,3.456627454873127,-3.5030730371757666
eng_production_pruned,scared,3.778493802118161,-3.6116477301643215
eng_production_pruned,scarf,2.700862609673294,-4.455623914972898
eng_production_pruned,school,2.863267860661641,-1.390475644609657
eng_production_pruned,scissors,3.8678920750932715,-3.143099808115192
eng_production_pruned,see,2.5428401156380698,-0.7864443109639377
eng_production_pruned,shake,3.366342920863037,-3.439577656389468
eng_production_pruned,share,3.9011770357491073,-3.556345537842145
eng_production_pruned,she,3.08878332264626,-4.16927006673826
eng_production_pruned,sheep,2.8162030131498095,-1.2228259872822866
eng_production_pruned,shh/shush/hush,1.7307152891512971,0.6055240448261225
eng_production_pruned,shirt,4.130811305294154,-0.5839855971561813
eng_production_pruned,shoe,3.5935212482036745,3.126758348103413
eng_production_pruned,shopping,3.963705808212107,-3.223735765857633
eng_production_pruned,shorts,3.4506056844796658,-2.283140130758605
eng_production_pruned,shoulder,3.2878033302699485,-3.4243072499401817
eng_production_pruned,shovel,3.227556322758969,-2.6315499934452053
eng_production_pruned,show,4.675469702967105,-4.82690578867178
eng_production_pruned,shower,3.7015521552783426,-1.875542870163923
eng_production_pruned,sick,3.9521405297789873,-3.712467265946669
eng_production_pruned,sidewalk,4.096369918558756,-4.443320842364979
eng_production_pruned,sing,4.04663199833055,-2.37384942807331
eng_production_pruned,sink,4.265152243517711,-3.149850026568094
eng_production_pruned,sister,1.3010088840328193,-1.3841991110130054
eng_production_pruned,sit,2.978108935181621,-0.513308901311814
eng_production_pruned,skate,2.904545624721676,-4.631211335587323
eng_production_pruned,sky,2.880435627244823,-1.5866548973366112
eng_production_pruned,sled,1.7948633029846603,-2.6204940515580195
eng_production_pruned,sleep,4.354901984311425,-1.4688762334206678
eng_production_pruned,sleepy,3.056289906571487,-2.28820603663364
eng_production_pruned,slide (action),3.4507318524886745,-1.961690313658816
eng_production_pruned,slide (object),3.3472962169250233,-1.1583588644298644
eng_production_pruned,slipper,2.5027205354460174,-2.384479086645884
eng_production_pruned,slow,3.907642230600486,-4.956635756438541
eng_production_pruned,smile,3.703121219303856,-3.5867170622676166
eng_production_pruned,snack,2.7988058044023476,-1.4107240088550181
eng_production_pruned,sneaker,2.1966195453480846,-3.142186320175666
eng_production_pruned,snow,2.376942543000542,-1.6880990654510601
eng_production_pruned,snowman,2.921751440022276,-3.08052224846781
eng_production_pruned,snowsuit,2.2948639945595937,-4.612319337780627
eng_production_pruned,so,2.3682640308693634,-4.3586754970083295
eng_production_pruned,so big!,2.04674559350402,-1.8839606359540813
eng_production_pruned,soap,3.9465557008157486,-1.1106314445543204
eng_production_pruned,sock,2.008193059363056,0.23510971013458243
eng_production_pruned,soda/pop,1.5873491983474228,-1.5125359646089513
eng_production_pruned,sofa,2.1301874943074646,-3.3269532216877673
eng_production_pruned,soft,3.275180577525331,-2.7441389584929583
eng_production_pruned,some,2.896054604140006,-2.544505014514512
eng_production_pruned,soup,2.9763069689906034,-1.9839283846089548
eng_production_pruned,spaghetti,3.2111628760320965,-1.8371487263573083
eng_production_pruned,spill,4.429512883908431,-4.102903364135857
eng_production_pruned,splash,3.4272172165965196,-2.471936841134382
eng_production_pruned,spoon,3.4154958238418205,0.5367975200885647
eng_production_pruned,sprinkler,2.9736800042366074,-3.934395321172092
eng_production_pruned,squirrel,2.6591664857120114,-1.8156443900204258
eng_production_pruned,stairs,3.272584565640821,-2.1151414605200047
eng_production_pruned,stand,4.565541281899375,-4.04523596773412
eng_production_pruned,star,2.8191668662644567,-0.7611559332259361
eng_production_pruned,stay,3.5296933042066914,-3.2417111913037195
eng_production_pruned,stick,3.301267457342852,-1.9012613147344515
eng_production_pruned,sticky,3.253298290183692,-2.8724076671825576
eng_production_pruned,stone,2.347582810430111,-3.5988861929407276
eng_production_pruned,stop,2.7983254089099363,-0.811041665901139
eng_production_pruned,store,4.324347750035661,-2.0561331606785975
eng_production_pruned,story,3.5093387040472224,-2.2716536103525855
eng_production_pruned,stove,2.8984348842168486,-2.5687233761185517
eng_production_pruned,strawberry,3.1490946065827887,-1.6571486476422381
eng_production_pruned,street,4.389520321165468,-3.383566589348385
eng_production_pruned,stroller,2.612047663176294,-1.8411322039562317
eng_production_pruned,stuck,2.615034457266692,-2.048746434996302
eng_production_pruned,sun,3.8378899641333772,-1.3572900595192703
eng_production_pruned,sweater,2.1403442193865354,-1.285329861092205
eng_production_pruned,sweep,3.4488843267890235,-3.0923515185109447
eng_production_pruned,swim,3.727334984111633,-2.290581032410595
eng_production_pruned,swing (action),3.2277457479449305,-1.1075536011153277
eng_production_pruned,swing (object),3.2033831016195258,-0.4896015988902238
eng_production_pruned,table,5.008939841871072,-2.2206973187169528
eng_production_pruned,take,4.344341032321832,-4.249537388837623
eng_production_pruned,talk,4.248620140912752,-3.586649116076368
eng_production_pruned,tape,3.5899225532420975,-3.096723726209776
eng_production_pruned,taste,3.814947615010937,-4.360808573282096
eng_production_pruned,teacher,2.7819003230464303,-3.4131788809003782
eng_production_pruned,tear,3.8812860721748437,-5.526528323781036
eng_production_pruned,teddybear,2.215244326493519,-0.7026716380174008
eng_production_pruned,telephone,3.4657780920160133,-0.037671900653610875
eng_production_pruned,thank you,2.037363797235145,1.1656092282578856
eng_production_pruned,that,1.4787239775029792,-0.5732825739027089
eng_production_pruned,the,2.9667150252207137,-3.2806756242371162
eng_production_pruned,their,3.372932939077857,-6.335908414484382
eng_production_pruned,them,3.258459313460144,-5.400748646847281
eng_production_pruned,then,3.3151444956969027,-6.065636732459618
eng_production_pruned,there,2.373165243569026,-1.8108173743642182
eng_production_pruned,these,2.6940435724802008,-3.543963503638557
eng_production_pruned,they,3.9522464250296068,-6.426493514528218
eng_production_pruned,think,3.864416788704731,-5.857450050239631
eng_production_pruned,thirsty,3.370701194927964,-2.735127835465154
eng_production_pruned,this,1.5933983641692606,-0.9308166191119001
eng_production_pruned,this little piggy,2.609606710511682,-2.457953787864742
eng_production_pruned,those,3.0770577920776865,-4.664848132113624
eng_production_pruned,throw,4.1551082090465155,-2.456968940481302
eng_production_pruned,tickle,2.4624058228585883,-0.869164104502513
eng_production_pruned,tiger,2.9435941311815226,-1.4163411877655911
eng_production_pruned,tights,2.1756471222194302,-3.7535575095971234
eng_production_pruned,time,3.272475736740032,-5.218496077416498
eng_production_pruned,tiny,3.204986064716888,-4.871452301653944
eng_production_pruned,tired,4.162902613166385,-3.3567844064527783
eng_production_pruned,tissue/kleenex,3.2800691322884146,-2.134951944095328
eng_production_pruned,to,3.4258046202918733,-3.802410254253029
eng_production_pruned,toast,2.6237517346328953,-1.0413811521237903
eng_production_pruned,today,3.78650348779673,-5.012328693897296
eng_production_pruned,toe,3.0298774600919662,0.014467712734356536
eng_production_pruned,tomorrow,3.0769001364627093,-4.107661429265257
eng_production_pruned,tongue,3.160375871531545,-1.2721706928783558
eng_production_pruned,tonight,3.3099139482356787,-5.2876294764727145
eng_production_pruned,too,2.804540534217533,-2.400756089222762
eng_production_pruned,tooth,2.820743995407273,-0.29442409620127175
eng_production_pruned,toothbrush,3.5615199657470793,-0.35378558383080144
eng_production_pruned,touch,3.744891665298358,-3.028453229503018
eng_production_pruned,towel,4.114832993454056,-1.5056806746910187
eng_production_pruned,toy (object),3.5625729755761655,-0.32766296789283406
eng_production_pruned,tractor,1.9231640805223347,-1.4432424560466337
eng_production_pruned,train,3.511311562555457,-0.09872364531978907
eng_production_pruned,trash,2.1942767620322523,-1.2794083178690034
eng_production_pruned,tray,2.9335397366933207,-4.970586520940089
eng_production_pruned,tree,3.1745322866121755,0.45248592763214
eng_production_pruned,tricycle,2.2569153974859444,-3.0691972134537724
eng_production_pruned,truck,2.8686566063469776,0.973788293109514
eng_production_pruned,try/try to,3.0100202867844383,-3.7248088727859243
eng_production_pruned,tummy,3.6445946734129486,-0.3389842736932092
eng_production_pruned,tuna,2.2080559227087297,-3.4102802284715366
eng_production_pruned,turkey,2.5520189018106167,-2.365099595848881
eng_production_pruned,turn around,3.449117186862341,-3.010985563852151
eng_production_pruned,turtle,3.0585197704170546,-0.9158771106960999
eng_production_pruned,TV,3.2810328837244036,-0.4305757942285562
eng_production_pruned,uh oh,1.3970683392355279,2.4043533140239837
eng_production_pruned,uncle,2.471898248388521,-2.1058765886795325
eng_production_pruned,under,4.059481996854844,-3.948952461069344
eng_production_pruned,underpants,2.7080502016397943,-3.078832934495855
eng_production_pruned,up,1.8115445652586561,0.5835662306578956
eng_production_pruned,us,3.3046101578978013,-6.089662715103506
eng_production_pruned,vacuum,2.807124299720076,-1.6516500486478418
eng_production_pruned,vagina*,1.4691188026782003,-2.5391926113147747
eng_production_pruned,vanilla,3.005003080334718,-4.921814616476325
eng_production_pruned,vitamins,2.049596919268521,-2.2479810096214425
eng_production_pruned,vroom,0.928211286338991,0.6139247941473421
eng_production_pruned,wait,3.018631392308836,-2.7225524818898195
eng_production_pruned,wake,4.086085239122364,-3.961186202572638
eng_production_pruned,walk,3.584108507064074,-1.0648429633502514
eng_production_pruned,walker,2.1764833037918296,-4.589045126115739
eng_production_pruned,wanna/want to,2.4616578125189323,-1.7269902141119213
eng_production_pruned,was,3.658235619079413,-6.104774351372295
eng_production_pruned,wash,4.148426283261327,-1.96059966490181
eng_production_pruned,washing machine,3.004310006305143,-3.013198101449462
eng_production_pruned,watch (action),3.588710950652342,-2.9050421280430134
eng_production_pruned,watch (object),2.8629574233214505,-1.5973587108897234
eng_production_pruned,water (beverage),2.7976100197817746,0.994389952641318
eng_production_pruned,water (not beverage),3.3363118242902448,0.8455403593455757
eng_production_pruned,we,3.2582097206783414,-4.8380896144801095
eng_production_pruned,were,3.61284746540692,-7.020902864577183
eng_production_pruned,wet,3.7436582759320816,-1.024461643359843
eng_production_pruned,what,1.737255678607287,-0.8235366625261232
eng_production_pruned,when,3.3890168183847416,-5.832252595544111
eng_production_pruned,where,2.542084551506778,-1.9467381761649338
eng_production_pruned,which,2.9921403364675663,-6.031203474054841
eng_production_pruned,white,3.0416194100656693,-3.0140063319048984
eng_production_pruned,who,2.4930469235841026,-2.981820652806505
eng_production_pruned,why,2.030281208001718,-2.433434117216664
eng_production_pruned,will,3.520467458729473,-5.551145521168791
eng_production_pruned,wind,3.503531082200953,-2.9419130213547047
eng_production_pruned,window,3.441839604611173,-2.2874838496480177
eng_production_pruned,windy,3.3282320659417564,-3.431146741371649
eng_production_pruned,wipe,3.472027671048413,-2.7823360708006013
eng_production_pruned,wish,3.3947813881313027,-6.327345458453946
eng_production_pruned,with,4.090868745460683,-4.754783571837584
eng_production_pruned,wolf,2.2492932678259066,-2.8424950408872176
eng_production_pruned,woods,2.8027821255020973,-5.130117644876484
eng_production_pruned,woof woof,1.4640640463393837,1.597818181359487
eng_production_pruned,work (action),3.4287855261478586,-2.3039737305312125
eng_production_pruned,work (place),3.6248661811368033,-1.8461598713011067
eng_production_pruned,would,3.423346814159387,-7.158299981804196
eng_production_pruned,write,3.159585428443863,-3.172511770726426
eng_production_pruned,yard,3.3895501437144655,-3.685019877325801
eng_production_pruned,yellow,2.4821532020321877,-1.3782140419744238
eng_production_pruned,yes,2.10074282915661,1.0911951868944938
eng_production_pruned,yesterday,3.379044561436179,-6.14139921184667
eng_production_pruned,yogurt,2.2894075229132325,-0.9948384422106571
eng_production_pruned,you,2.6454070928737363,-1.407200055385293
eng_production_pruned,your,3.1637946375597377,-4.297648473607881
eng_production_pruned,yourself,3.026976054345674,-6.3318504534890305
eng_production_pruned,yucky,1.8711211164916162,-0.3002378392971163
eng_production_pruned,yum yum,0.9967828255689404,0.8096203393919118
eng_production_pruned,zebra,2.8330286419876387,-1.9468726606780014
eng_production_pruned,zipper,3.3407696115946757,-2.151478458343344
eng_production_pruned,zoo,2.6662376592679413,-2.1667914093407474
